{"type":"FeatureCollection","name":"Durango · límites geoestadísticos 2020","source":"INEGI, Marco Geoestadístico. Censo de Población y Vivienda 2020","source_upc":"889463807469","source_url":"https://www.inegi.org.mx/app/biblioteca/ficha.html?upc=889463807469","simplification_m":400,"features":[{"type":"Feature","properties":{"kind":"state","cve_ent":"10","name":"Durango"},"geometry":{"type":"Polygon","coordinates":[[[-106.04733,26.84487],[-105.93918,26.76321],[-105.9281,26.76593],[-105.9086,26.75283],[-105.89833,26.76385],[-105.89409,26.74101],[-105.87453,26.73857],[-105.86543,26.74737],[-105.81454,26.69096],[-105.7758,26.66093],[-105.79425,26.69876],[-105.7813,26.70745],[-105.74633,26.71386],[-105.73495,26.68482],[-105.7289,26.69789],[-105.70479,26.6529],[-105.68987,26.65718],[-105.67658,26.63581],[-105.67094,26.63522],[-105.67487,26.61767],[-105.64552,26.61661],[-105.63719,26.60914],[-105.64088,26.61999],[-105.601,26.61484],[-105.61948,26.68351],[-105.54899,26.54657],[-105.49608,26.54285],[-105.49562,26.52563],[-105.4715,26.5087],[-105.46862,26.51732],[-105.47438,26.52637],[-105.47013,26.52789],[-105.43859,26.52834],[-105.40342,26.51752],[-105.36862,26.53427],[-105.3427,26.50451],[-105.35451,26.49261],[-105.35276,26.47887],[-105.33874,26.47805],[-105.33398,26.46935],[-105.31674,26.46228],[-105.31547,26.47034],[-105.30192,26.47244],[-105.28992,26.48811],[-105.27907,26.48747],[-105.26945,26.47976],[-105.2706,26.46645],[-105.26467,26.46207],[-105.10154,26.5214],[-105.05662,26.4193],[-105.05257,26.42976],[-105.02706,26.43694],[-105.00038,26.45495],[-104.96309,26.44918],[-104.95623,26.46284],[-104.96958,26.46595],[-104.96321,26.47339],[-104.94437,26.46834],[-104.93672,26.48371],[-104.89889,26.51001],[-104.85657,26.50286],[-104.80927,26.50849],[-104.79122,26.50456],[-104.76095,26.48581],[-104.74783,26.49244],[-104.73716,26.47939],[-104.72703,26.47796],[-104.68686,26.43319],[-104.67728,26.42933],[-104.65407,26.39105],[-104.64531,26.39161],[-104.62008,26.36884],[-104.59385,26.38044],[-104.57444,26.34046],[-104.50097,26.41475],[-104.49539,26.43341],[-104.50282,26.46584],[-104.49589,26.46685],[-104.46855,26.52034],[-104.43477,26.60452],[-104.37541,26.64071],[-104.33038,26.65653],[-104.30679,26.70716],[-104.28653,26.7254],[-104.29975,26.75194],[-104.31727,26.76073],[-104.30175,26.77194],[-104.30531,26.79289],[-104.3153,26.79907],[-104.28615,26.8152],[-104.29488,26.81775],[-104.27303,26.84228],[-104.2278,26.77715],[-104.18393,26.77357],[-104.04573,26.74297],[-104.03318,26.77439],[-103.99499,26.77754],[-103.99382,26.75361],[-103.88118,26.75491],[-103.86129,26.75042],[-103.86129,26.75409],[-103.65825,26.71948],[-103.64388,26.69015],[-103.63697,26.69343],[-103.37417,26.60235],[-103.31678,26.36177],[-103.26082,26.28472],[-103.35048,26.14239],[-103.34635,25.8603],[-103.31858,25.8127],[-103.3337,25.73873],[-103.34028,25.72403],[-103.35283,25.71655],[-103.33943,25.7076],[-103.35498,25.69986],[-103.3492,25.69344],[-103.35948,25.68886],[-103.36475,25.67197],[-103.38303,25.65531],[-103.38141,25.64034],[-103.40599,25.64502],[-103.40327,25.62812],[-103.42476,25.62368],[-103.41602,25.61442],[-103.42684,25.61209],[-103.42962,25.59891],[-103.4384,25.59664],[-103.43536,25.58277],[-103.45098,25.57893],[-103.45464,25.55792],[-103.49441,25.53773],[-103.43572,25.47907],[-103.39874,25.4506],[-103.39064,25.43459],[-103.36905,25.41646],[-103.34136,25.41014],[-103.33691,25.37123],[-103.35122,25.37297],[-103.36551,25.39315],[-103.38045,25.39095],[-103.40669,25.3989],[-103.46205,25.37631],[-103.46621,25.35234],[-103.48647,25.33286],[-103.47924,25.32392],[-103.49573,25.31111],[-103.49766,25.29515],[-103.50934,25.29146],[-103.5107,25.27912],[-103.49671,25.25574],[-103.47318,25.2501],[-103.4502,25.22861],[-103.43867,25.20195],[-103.42579,25.20154],[-103.40923,25.18238],[-103.40285,25.18234],[-103.39428,25.15773],[-103.37713,25.14205],[-103.35953,25.11002],[-103.34265,25.11033],[-103.33722,25.09912],[-103.295,25.07997],[-103.29123,25.07053],[-103.27822,25.06297],[-103.26217,25.05855],[-103.2615,25.05416],[-103.26957,25.05489],[-103.27446,25.04594],[-103.26944,25.04024],[-103.27801,25.03461],[-103.26748,25.02804],[-103.27405,25.02336],[-103.27046,25.01566],[-103.24655,24.99602],[-103.24536,24.98246],[-103.25914,24.96465],[-103.08919,24.82122],[-103.05374,24.80994],[-103.03335,24.81084],[-103.00513,24.79321],[-103.00136,24.79838],[-102.9908,24.79403],[-102.97521,24.79946],[-102.97456,24.7928],[-102.96491,24.794],[-102.94914,24.7797],[-102.92298,24.78021],[-102.92167,24.77309],[-102.91603,24.7761],[-102.89548,24.76602],[-102.88309,24.75043],[-102.85639,24.73977],[-102.85312,24.772],[-102.66969,25.06663],[-102.65241,25.04522],[-102.64954,25.02795],[-102.64299,25.02781],[-102.62888,25.00832],[-102.63553,25.00417],[-102.64295,24.97864],[-102.67298,24.97881],[-102.67305,24.94275],[-102.56623,24.90222],[-102.56536,24.86635],[-102.51217,24.70972],[-102.4798,24.49044],[-102.48699,24.44422],[-102.47312,24.44521],[-102.48026,24.42801],[-102.52014,24.42393],[-102.53392,24.40772],[-102.60658,24.41116],[-102.61856,24.39637],[-102.6999,24.37397],[-102.75665,24.37698],[-102.78884,24.40624],[-102.81241,24.38949],[-102.83173,24.38469],[-102.84589,24.39808],[-102.85388,24.42436],[-102.865,24.43031],[-102.86061,24.43449],[-102.89188,24.46111],[-102.9001,24.4285],[-102.96743,24.4577],[-102.98356,24.43325],[-103.04314,24.4665],[-103.07507,24.42262],[-103.08751,24.43602],[-103.09852,24.40162],[-103.1317,24.42467],[-103.15772,24.42784],[-103.16525,24.43519],[-103.17545,24.43326],[-103.18194,24.41989],[-103.20208,24.42447],[-103.22282,24.4171],[-103.23663,24.42705],[-103.23397,24.43583],[-103.25352,24.44725],[-103.26451,24.43458],[-103.28264,24.42883],[-103.31024,24.43565],[-103.32392,24.4265],[-103.3862,24.42296],[-103.39405,24.4321],[-103.40981,24.42628],[-103.41932,24.43048],[-103.42161,24.41658],[-103.43023,24.40891],[-103.42514,24.38785],[-103.43051,24.36014],[-103.44833,24.3326],[-103.46269,24.32046],[-103.48405,24.31834],[-103.48499,24.30093],[-103.50454,24.29577],[-103.50675,24.28796],[-103.53123,24.29391],[-103.56834,24.28637],[-103.56641,24.2611],[-103.55648,24.242],[-103.56551,24.2114],[-103.55953,24.19378],[-103.58096,24.17958],[-103.60576,24.15115],[-103.622,24.11746],[-103.63596,24.11029],[-103.66035,24.14932],[-103.69522,24.13029],[-103.79976,24.05056],[-103.81027,24.04009],[-103.81327,24.02197],[-103.84312,24.02696],[-103.84782,24.00323],[-103.87238,24.00702],[-103.85027,23.98883],[-103.83879,23.96482],[-103.83394,23.96964],[-103.81835,23.9649],[-103.83079,23.90779],[-103.8531,23.87461],[-103.84975,23.86256],[-103.83261,23.84893],[-103.83118,23.82466],[-103.81606,23.80765],[-103.82224,23.80076],[-103.82026,23.79188],[-103.83509,23.78509],[-103.86235,23.75263],[-103.84101,23.70124],[-103.84429,23.68457],[-103.85107,23.6796],[-103.78509,23.67656],[-103.79353,23.63085],[-103.81129,23.61365],[-103.84917,23.64008],[-103.87742,23.62897],[-103.87344,23.62046],[-103.88251,23.59227],[-103.899,23.60397],[-103.90686,23.60187],[-103.89008,23.57982],[-103.91192,23.57608],[-103.91227,23.58812],[-103.92146,23.58917],[-103.91626,23.56572],[-103.9253,23.55698],[-103.96276,23.52989],[-103.99633,23.51474],[-104.06597,23.46349],[-104.08626,23.39862],[-104.11121,23.3512],[-104.12901,23.18221],[-104.17212,23.1284],[-104.17361,22.98244],[-104.16284,22.9753],[-104.16822,22.96421],[-104.16658,22.94522],[-104.15409,22.93783],[-104.15111,22.92213],[-104.13595,22.91811],[-104.13299,22.90495],[-104.11264,22.90511],[-104.11773,22.8977],[-104.1075,22.88479],[-104.1063,22.85688],[-104.11682,22.85095],[-104.1043,22.8336],[-104.11021,22.82251],[-104.10623,22.81313],[-104.11148,22.81031],[-104.09522,22.80584],[-104.10022,22.79482],[-104.09217,22.78852],[-104.09375,22.77884],[-104.08237,22.77364],[-104.08047,22.76661],[-104.09528,22.75924],[-104.10719,22.7686],[-104.11937,22.76225],[-104.13925,22.76842],[-104.15737,22.75968],[-104.18217,22.75826],[-104.19961,22.77647],[-104.22103,22.77942],[-104.22741,22.77663],[-104.22458,22.76669],[-104.23207,22.7531],[-104.26634,22.73654],[-104.26914,22.72086],[-104.2627,22.71764],[-104.27762,22.7024],[-104.27485,22.68202],[-104.28832,22.66352],[-104.28072,22.65338],[-104.28996,22.64561],[-104.28182,22.64584],[-104.26927,22.63582],[-104.28328,22.6217],[-104.26053,22.59616],[-104.2614,22.5862],[-104.27058,22.58895],[-104.27816,22.58307],[-104.28884,22.55296],[-104.30568,22.55789],[-104.31408,22.54072],[-104.32582,22.53739],[-104.30282,22.49201],[-104.29612,22.47299],[-104.29902,22.4617],[-104.31542,22.44815],[-104.32018,22.43009],[-104.33059,22.43223],[-104.33094,22.42419],[-104.34883,22.40971],[-104.3715,22.42166],[-104.49538,22.37632],[-104.48785,22.3689],[-104.49498,22.36053],[-104.4812,22.35272],[-104.48368,22.34943],[-104.5065,22.34516],[-104.51865,22.3606],[-104.5359,22.3648],[-104.55124,22.38886],[-104.55737,22.38575],[-104.56087,22.39478],[-104.58166,22.39994],[-104.58846,22.41265],[-104.59318,22.41209],[-104.59717,22.43675],[-104.60543,22.44545],[-104.60255,22.4605],[-104.65528,22.46215],[-104.65367,22.52424],[-104.66761,22.56254],[-104.70873,22.55462],[-104.71516,22.55595],[-104.71979,22.56904],[-104.73606,22.55795],[-104.7598,22.56871],[-104.77593,22.58512],[-104.77256,22.59189],[-104.7798,22.60334],[-104.77409,22.63255],[-104.78891,22.64797],[-104.80425,22.64874],[-104.80401,22.64034],[-104.81467,22.63425],[-104.81668,22.63968],[-104.84002,22.64586],[-104.84011,22.65113],[-104.85839,22.64832],[-104.86248,22.60707],[-104.96052,22.50531],[-104.9879,22.49872],[-105.00754,22.58567],[-105.07236,22.6565],[-105.06841,22.67841],[-105.05729,22.68809],[-104.89271,22.73741],[-104.91563,22.74853],[-104.90971,22.78443],[-104.91337,22.79048],[-104.90557,22.79957],[-104.91838,22.81978],[-104.93422,22.82731],[-104.9405,22.81616],[-104.95171,22.82183],[-104.95896,22.8136],[-104.9884,22.83605],[-104.98779,22.88825],[-105.00506,22.90355],[-105.00005,22.90889],[-105.01003,22.92236],[-104.99688,22.952],[-105.00833,22.96846],[-105.00313,22.97698],[-105.07601,22.95964],[-105.16356,22.95387],[-105.29769,22.95416],[-105.32356,22.94133],[-105.33037,22.94769],[-105.3282,22.95264],[-105.33413,22.95341],[-105.33084,22.96317],[-105.34304,22.96816],[-105.33682,22.9712],[-105.33896,22.99286],[-105.3337,22.99468],[-105.35385,23.01978],[-105.35079,23.03563],[-105.35877,23.04625],[-105.35086,23.05093],[-105.35046,23.06057],[-105.35793,23.06319],[-105.35831,23.07392],[-105.39824,23.0882],[-105.39879,23.10221],[-105.40852,23.1032],[-105.41588,23.11689],[-105.45531,23.11733],[-105.50197,23.12801],[-105.53121,23.11806],[-105.53706,23.10454],[-105.5543,23.09888],[-105.56933,23.11005],[-105.57537,23.10496],[-105.5747,23.11005],[-105.58424,23.11286],[-105.59763,23.10915],[-105.60904,23.11663],[-105.60695,23.12179],[-105.61875,23.1263],[-105.62396,23.12238],[-105.64398,23.14176],[-105.6458,23.1515],[-105.63687,23.15591],[-105.63886,23.16761],[-105.63303,23.17345],[-105.64071,23.18545],[-105.6297,23.20229],[-105.63573,23.21474],[-105.62966,23.21923],[-105.63031,23.23558],[-105.64263,23.23895],[-105.63917,23.24501],[-105.64774,23.26031],[-105.6432,23.27648],[-105.6637,23.28742],[-105.67264,23.28163],[-105.68707,23.28752],[-105.69396,23.30131],[-105.68737,23.30714],[-105.69946,23.30772],[-105.69232,23.31097],[-105.70217,23.33265],[-105.694,23.34057],[-105.7035,23.34009],[-105.70516,23.34873],[-105.71515,23.35021],[-105.71224,23.36428],[-105.73068,23.37489],[-105.71732,23.37859],[-105.72241,23.38603],[-105.71207,23.39255],[-105.71024,23.40813],[-105.70028,23.42017],[-105.72832,23.42898],[-105.72839,23.43958],[-105.73886,23.4452],[-105.72465,23.46081],[-105.72344,23.47484],[-105.76033,23.50296],[-105.75686,23.52489],[-105.76911,23.54194],[-105.76929,23.55646],[-105.80664,23.58887],[-105.81163,23.61102],[-105.84551,23.60325],[-105.84518,23.58369],[-105.85359,23.59728],[-105.88431,23.59039],[-105.89265,23.55264],[-105.9089,23.58827],[-105.92662,23.68413],[-105.9159,23.72642],[-105.90608,23.7394],[-105.92305,23.74775],[-105.91974,23.7578],[-105.92947,23.76551],[-105.92479,23.77147],[-105.92878,23.78658],[-105.93217,23.79469],[-105.93932,23.79143],[-105.96126,23.84074],[-105.95365,23.90858],[-105.86723,23.87524],[-105.85758,23.89929],[-105.88154,23.93282],[-105.89991,23.94392],[-105.94541,23.94802],[-105.90845,23.98342],[-105.91213,23.99753],[-105.92886,23.99928],[-105.94233,24.01431],[-105.9598,24.0174],[-105.9598,24.02383],[-105.9795,24.04196],[-105.99871,24.04338],[-105.99671,24.05422],[-106.00787,24.0725],[-106.0007,24.07605],[-106.00206,24.08808],[-105.98943,24.10235],[-105.98971,24.11439],[-106.00404,24.12053],[-106.0032,24.14684],[-106.02855,24.18033],[-106.04387,24.22085],[-106.06994,24.2202],[-106.07583,24.27139],[-106.15253,24.33877],[-106.16997,24.33365],[-106.1944,24.35178],[-106.26886,24.37475],[-106.33632,24.35569],[-106.34614,24.34493],[-106.35261,24.31646],[-106.36754,24.30194],[-106.46965,24.27785],[-106.50909,24.29114],[-106.51708,24.28698],[-106.52798,24.29512],[-106.58595,24.379],[-106.58346,24.39027],[-106.60158,24.41456],[-106.56927,24.43702],[-106.56001,24.47271],[-106.59364,24.49505],[-106.60035,24.48321],[-106.60999,24.49785],[-106.63006,24.5065],[-106.6226,24.52489],[-106.64545,24.52898],[-106.6836,24.59853],[-106.70594,24.66526],[-106.78424,24.74145],[-106.793,24.74391],[-106.79612,24.75336],[-106.86584,24.82295],[-106.90294,24.82838],[-106.91927,24.81395],[-106.93065,24.82091],[-106.94648,24.83975],[-106.94395,24.85152],[-106.95141,24.85902],[-106.92707,24.86662],[-106.9345,24.88053],[-107.00057,24.92824],[-107.02104,24.9099],[-107.02514,24.92838],[-107.01833,24.93361],[-107.06041,25.00242],[-107.06356,25.02525],[-107.12988,25.05313],[-107.12491,25.18664],[-107.14877,25.22454],[-107.13201,25.22671],[-107.12105,25.24311],[-107.15719,25.26176],[-107.20781,25.33156],[-107.17154,25.32635],[-107.21012,25.4171],[-107.18486,25.43681],[-107.15868,25.44199],[-107.15655,25.45642],[-107.15053,25.45804],[-107.15111,25.47669],[-107.13929,25.48956],[-107.14767,25.50502],[-107.16628,25.50299],[-107.17811,25.51517],[-107.1695,25.53246],[-107.17687,25.54082],[-107.17182,25.54279],[-107.17387,25.55655],[-107.13874,25.56009],[-107.13825,25.55219],[-107.12456,25.55041],[-107.11307,25.56106],[-106.97328,25.62957],[-106.99431,25.66223],[-106.89377,25.64429],[-106.89921,25.64374],[-106.87375,25.57186],[-106.81782,25.57339],[-106.74479,25.58516],[-106.70254,25.5812],[-106.70575,25.59735],[-106.69884,25.58084],[-106.68196,25.57916],[-106.70796,25.60245],[-106.68024,25.58932],[-106.67141,25.56742],[-106.65282,25.55884],[-106.65559,25.57516],[-106.6429,25.58518],[-106.63084,25.5858],[-106.62925,25.60379],[-106.59181,25.64739],[-106.56966,25.65766],[-106.56552,25.66656],[-106.53643,25.67596],[-106.52798,25.69177],[-106.50882,25.7075],[-106.46361,25.72904],[-106.46403,25.74171],[-106.52655,25.71338],[-106.55596,25.6917],[-106.56012,25.9127],[-106.5473,25.95242],[-106.53371,25.94576],[-106.50146,25.95495],[-106.49166,25.96805],[-106.45581,25.97258],[-106.4447,26.00508],[-106.4704,26.00542],[-106.46744,26.01828],[-106.45339,26.02784],[-106.45409,26.04635],[-106.47122,26.06052],[-106.4544,26.09526],[-106.46124,26.10522],[-106.45863,26.11216],[-106.41561,26.1394],[-106.43277,26.20401],[-106.31225,26.34875],[-106.29951,26.33708],[-106.28703,26.33508],[-106.27545,26.36741],[-106.30217,26.36387],[-106.29759,26.39645],[-106.26436,26.40611],[-106.26521,26.42414],[-106.24202,26.46682],[-106.25085,26.47858],[-106.25387,26.50735],[-106.28066,26.51175],[-106.26956,26.52717],[-106.28013,26.53206],[-106.24121,26.54499],[-106.23952,26.56243],[-106.23295,26.55956],[-106.23653,26.61216],[-106.23091,26.60956],[-106.22673,26.61495],[-106.21982,26.65635],[-106.20603,26.66894],[-106.20791,26.67806],[-106.20301,26.68122],[-106.19834,26.676],[-106.19712,26.68377],[-106.19328,26.68187],[-106.18924,26.67463],[-106.18798,26.67447],[-106.18967,26.69513],[-106.17265,26.70516],[-106.16012,26.70233],[-106.14745,26.70923],[-106.13301,26.69733],[-106.13067,26.7022],[-106.13177,26.71379],[-106.14143,26.72078],[-106.17657,26.72772],[-106.17872,26.74443],[-106.17042,26.75012],[-106.1797,26.76306],[-106.17762,26.77233],[-106.15778,26.77097],[-106.12525,26.77941],[-106.11429,26.76514],[-106.10063,26.75933],[-106.06504,26.82763],[-106.04733,26.84487]]]}},{"type":"Feature","properties":{"kind":"municipality","cve_mun":"10001","name":"Canatlán"},"geometry":{"type":"Polygon","coordinates":[[[-104.72183,24.84496],[-104.7164,24.8334],[-104.73215,24.79558],[-104.73548,24.78358],[-104.7223,24.77806],[-104.71172,24.77909],[-104.70814,24.77623],[-104.71533,24.76797],[-104.71212,24.76682],[-104.72331,24.74799],[-104.72042,24.74428],[-104.70649,24.74352],[-104.69849,24.69684],[-104.63625,24.67348],[-104.60449,24.67003],[-104.58599,24.66989],[-104.57132,24.67494],[-104.55535,24.67452],[-104.56651,24.67137],[-104.58287,24.63564],[-104.58412,24.6024],[-104.58043,24.59505],[-104.58411,24.57769],[-104.57901,24.57135],[-104.56769,24.57123],[-104.53789,24.53806],[-104.52695,24.54338],[-104.51773,24.55477],[-104.50695,24.50837],[-104.5231,24.50345],[-104.52431,24.49317],[-104.52069,24.48192],[-104.53049,24.48046],[-104.51776,24.47095],[-104.51799,24.45033],[-104.51003,24.4506],[-104.4545,24.43989],[-104.44626,24.43775],[-104.44785,24.4298],[-104.45967,24.41563],[-104.47172,24.42002],[-104.46819,24.42452],[-104.47986,24.43341],[-104.48165,24.4377],[-104.48799,24.42523],[-104.50475,24.42906],[-104.50927,24.42767],[-104.48821,24.41466],[-104.52616,24.38277],[-104.54097,24.39089],[-104.56443,24.36617],[-104.58419,24.32513],[-104.62379,24.33737],[-104.62431,24.33974],[-104.63611,24.33248],[-104.63346,24.32287],[-104.67346,24.30287],[-104.70609,24.30214],[-104.7123,24.30772],[-104.73591,24.3115],[-104.73474,24.30185],[-104.74327,24.30344],[-104.74261,24.31164],[-104.76673,24.30147],[-104.77474,24.2895],[-104.78952,24.30256],[-104.79375,24.29963],[-104.79238,24.28295],[-104.78963,24.27291],[-104.81541,24.26111],[-104.80965,24.21498],[-104.84926,24.21446],[-104.86379,24.27144],[-104.87278,24.27213],[-104.87939,24.29385],[-104.89417,24.28867],[-104.90063,24.29974],[-104.9039,24.30024],[-104.88371,24.31644],[-104.87353,24.33152],[-104.88304,24.33778],[-104.91587,24.34048],[-104.9162,24.33263],[-104.92393,24.32818],[-104.93676,24.34146],[-105.00046,24.32499],[-105.00725,24.33259],[-105.03614,24.35511],[-105.05274,24.37705],[-105.09358,24.41883],[-105.14347,24.42465],[-105.13983,24.41287],[-105.12505,24.38965],[-105.13812,24.38973],[-105.14459,24.39423],[-105.16516,24.39743],[-105.16122,24.37975],[-105.16558,24.38146],[-105.19509,24.375],[-105.19536,24.36475],[-105.19969,24.36504],[-105.19408,24.35793],[-105.18736,24.36077],[-105.18376,24.34964],[-105.16626,24.343],[-105.15799,24.34273],[-105.14142,24.31754],[-105.13239,24.32129],[-105.12418,24.30091],[-105.131,24.29798],[-105.14941,24.30198],[-105.15678,24.31067],[-105.16063,24.32939],[-105.16719,24.3371],[-105.20765,24.33162],[-105.22645,24.32813],[-105.22644,24.31721],[-105.23144,24.29887],[-105.24714,24.30346],[-105.2522,24.30941],[-105.34244,24.34092],[-105.3469,24.34087],[-105.35479,24.33227],[-105.36752,24.34284],[-105.36889,24.35979],[-105.37731,24.35983],[-105.3943,24.37686],[-105.40253,24.37391],[-105.4028,24.37403],[-105.4028,24.37403],[-105.40291,24.37408],[-105.40298,24.37415],[-105.40298,24.37415],[-105.40378,24.37502],[-105.40466,24.3761],[-105.40527,24.37666],[-105.40564,24.37716],[-105.40634,24.37808],[-105.40639,24.37809],[-105.40724,24.37821],[-105.4073,24.37821],[-105.40732,24.3782],[-105.40749,24.37819],[-105.42384,24.37587],[-105.44474,24.36711],[-105.45048,24.36765],[-105.46488,24.37641],[-105.46395,24.38154],[-105.45024,24.38505],[-105.44183,24.39653],[-105.43404,24.40338],[-105.42925,24.40308],[-105.42532,24.40927],[-105.42048,24.43625],[-105.41535,24.44439],[-105.42177,24.45224],[-105.41631,24.45637],[-105.42328,24.45885],[-105.43501,24.46853],[-105.44629,24.47364],[-105.45165,24.50377],[-105.48662,24.52548],[-105.50073,24.52952],[-105.48605,24.53233],[-105.45306,24.52975],[-105.41958,24.53007],[-105.38402,24.53193],[-105.38259,24.54037],[-105.40573,24.57405],[-105.39266,24.57321],[-105.38313,24.57624],[-105.37777,24.58449],[-105.37557,24.59404],[-105.3691,24.6079],[-105.36059,24.61122],[-105.35548,24.62519],[-105.34761,24.63072],[-105.34581,24.6404],[-105.33885,24.63657],[-105.33562,24.64975],[-105.33183,24.64852],[-105.3256,24.61452],[-105.29365,24.63523],[-105.29755,24.6134],[-105.28599,24.62506],[-105.27769,24.62688],[-105.271,24.63309],[-105.27328,24.62342],[-105.25972,24.62291],[-105.21195,24.64528],[-105.1648,24.67233],[-105.15916,24.664],[-105.11267,24.6142],[-105.11008,24.60323],[-105.10139,24.60658],[-105.03452,24.55746],[-105.01964,24.57129],[-105.0366,24.60843],[-105.01952,24.61893],[-105.00527,24.58514],[-104.97665,24.61361],[-104.91737,24.66677],[-104.90072,24.68418],[-104.92411,24.67587],[-104.93369,24.69723],[-104.92815,24.69866],[-104.93131,24.71033],[-104.94713,24.70024],[-104.95009,24.7041],[-104.94785,24.72059],[-104.95509,24.75485],[-104.93168,24.7607],[-104.93477,24.768],[-104.92756,24.77365],[-104.93514,24.78281],[-104.92919,24.79348],[-104.90736,24.79641],[-104.87184,24.80858],[-104.87836,24.79628],[-104.85613,24.81397],[-104.85322,24.81943],[-104.84323,24.8238],[-104.83546,24.82348],[-104.8082,24.83655],[-104.79484,24.83254],[-104.72183,24.84496]]]}},{"type":"Feature","properties":{"kind":"municipality","cve_mun":"10002","name":"Canelas"},"geometry":{"type":"Polygon","coordinates":[[[-106.25801,25.12965],[-106.24604,25.10269],[-106.22524,25.09099],[-106.19868,25.11143],[-106.19859,25.14183],[-106.19223,25.14186],[-106.19131,25.13699],[-106.16801,25.13344],[-106.16165,25.11982],[-106.17385,25.10127],[-106.12306,25.10176],[-106.12303,25.09865],[-106.1231,25.09177],[-106.1329,25.08961],[-106.12465,25.07876],[-106.12465,25.0679],[-106.15293,25.06784],[-106.15525,25.07086],[-106.17285,25.06986],[-106.17331,25.04913],[-106.16584,25.04965],[-106.16908,25.02475],[-106.19019,25.02369],[-106.17594,24.99291],[-106.19646,24.99231],[-106.21624,24.99003],[-106.23832,24.9917],[-106.25778,24.99674],[-106.27029,24.99144],[-106.33687,25.03222],[-106.32442,25.04638],[-106.31423,25.05431],[-106.32527,25.0809],[-106.34153,25.07134],[-106.34363,25.064],[-106.35944,25.04711],[-106.38738,25.04141],[-106.39082,25.0646],[-106.38073,25.05705],[-106.37491,25.101],[-106.39979,25.072],[-106.39699,25.06935],[-106.41793,25.03595],[-106.42128,25.02394],[-106.4306,25.02286],[-106.4662,24.96837],[-106.50171,25.00221],[-106.49472,24.98505],[-106.49934,24.95377],[-106.50664,24.95041],[-106.55922,24.95776],[-106.58187,24.99364],[-106.59079,24.99241],[-106.60915,24.97937],[-106.61474,24.98017],[-106.61602,24.97489],[-106.6085,24.9587],[-106.60784,24.95104],[-106.61179,24.9503],[-106.63744,24.94761],[-106.6625,24.96073],[-106.6834,25.01214],[-106.67797,25.0231],[-106.66091,25.02714],[-106.66692,25.03998],[-106.66418,25.05581],[-106.65942,25.06587],[-106.68773,25.06436],[-106.68422,25.08459],[-106.67987,25.09403],[-106.71078,25.111],[-106.70853,25.11887],[-106.70001,25.12478],[-106.6947,25.12436],[-106.69044,25.13373],[-106.67519,25.14277],[-106.67532,25.14725],[-106.66793,25.14735],[-106.66114,25.15503],[-106.65568,25.1568],[-106.64921,25.15293],[-106.6381,25.15248],[-106.62358,25.14497],[-106.61594,25.15043],[-106.61534,25.1558],[-106.60648,25.15803],[-106.60405,25.16361],[-106.59534,25.16431],[-106.58747,25.16894],[-106.57858,25.16638],[-106.5709,25.1687],[-106.52799,25.1697],[-106.47667,25.1717],[-106.45125,25.18356],[-106.40509,25.16564],[-106.43216,25.14722],[-106.41315,25.14096],[-106.40031,25.12807],[-106.39017,25.13566],[-106.38218,25.13626],[-106.37496,25.12953],[-106.3498,25.14691],[-106.3531,25.1576],[-106.35265,25.17762],[-106.373,25.1824],[-106.2928,25.19575],[-106.33491,25.18283],[-106.30415,25.15517],[-106.27228,25.10796],[-106.25801,25.12965]]]}},{"type":"Feature","properties":{"kind":"municipality","cve_mun":"10003","name":"Coneto de Comonfort"},"geometry":{"type":"Polygon","coordinates":[[[-104.59157,24.95723],[-104.56271,24.93321],[-104.612,24.90648],[-104.62902,24.87264],[-104.64365,24.8621],[-104.64033,24.85583],[-104.63353,24.86096],[-104.62125,24.86351],[-104.61527,24.85683],[-104.6241,24.84832],[-104.63366,24.84787],[-104.63615,24.83086],[-104.6303,24.8278],[-104.63332,24.82145],[-104.63322,24.79274],[-104.6364,24.78665],[-104.64352,24.78612],[-104.6449,24.79152],[-104.65767,24.79009],[-104.66553,24.79233],[-104.67319,24.74847],[-104.68209,24.74758],[-104.70272,24.75599],[-104.70649,24.74352],[-104.72042,24.74428],[-104.72331,24.74799],[-104.71212,24.76682],[-104.71533,24.76797],[-104.70814,24.77623],[-104.71172,24.77909],[-104.7223,24.77806],[-104.73548,24.78358],[-104.73215,24.79558],[-104.7164,24.8334],[-104.72183,24.84496],[-104.75332,24.88667],[-104.74224,24.94052],[-104.73973,24.94638],[-104.75367,24.93977],[-104.78906,24.93148],[-104.79032,24.92972],[-104.79815,24.94702],[-104.80824,24.95831],[-104.83776,24.982],[-104.83754,24.98873],[-104.85063,24.99173],[-104.85643,25.00563],[-104.88129,25.02108],[-104.90171,25.01839],[-104.91045,25.01336],[-104.91439,25.00489],[-104.92813,25.00567],[-104.92873,25.04784],[-104.95962,25.05397],[-104.95223,25.08143],[-104.95896,25.08201],[-104.96299,25.0937],[-104.97082,25.09588],[-104.98201,25.08167],[-104.99132,25.08714],[-104.99047,25.09299],[-105.00047,25.09968],[-105.00651,25.11683],[-105.03061,25.103],[-105.02746,25.11589],[-105.03745,25.1119],[-105.02608,25.13405],[-105.07367,25.1402],[-105.09661,25.17255],[-105.06006,25.1847],[-105.0537,25.17867],[-105.04238,25.17692],[-105.04061,25.16544],[-105.02995,25.16879],[-105.01741,25.17761],[-105.00981,25.17977],[-105.00082,25.18974],[-104.99413,25.18845],[-104.99487,25.2182],[-104.97746,25.20638],[-104.96283,25.22039],[-104.95672,25.19869],[-104.94695,25.19087],[-104.94467,25.18436],[-104.93832,25.18392],[-104.92612,25.17695],[-104.92557,25.16615],[-104.91797,25.17278],[-104.91924,25.18198],[-104.91337,25.17851],[-104.90965,25.18447],[-104.90353,25.17931],[-104.89693,25.1786],[-104.8958,25.17193],[-104.88301,25.16733],[-104.87568,25.16191],[-104.87436,25.20877],[-104.80555,25.26743],[-104.79827,25.27363],[-104.82114,25.22745],[-104.82511,25.21697],[-104.77146,25.18004],[-104.78526,25.15046],[-104.7697,25.15107],[-104.77429,25.12716],[-104.74092,25.14879],[-104.71539,25.12966],[-104.69875,25.13114],[-104.69143,25.13804],[-104.68312,25.13077],[-104.68067,25.1207],[-104.68705,25.11584],[-104.68038,25.11388],[-104.6508,25.12872],[-104.62491,25.09059],[-104.61984,25.05877],[-104.62036,25.02819],[-104.62716,24.99591],[-104.5955,24.96562],[-104.59157,24.95723]]]}},{"type":"Feature","properties":{"kind":"municipality","cve_mun":"10004","name":"Cuencamé"},"geometry":{"type":"Polygon","coordinates":[[[-103.77796,25.27012],[-103.76849,25.27501],[-103.77376,25.26811],[-103.77001,25.25263],[-103.76531,25.24206],[-103.76815,25.22723],[-103.75354,25.19224],[-103.71627,25.17423],[-103.71563,25.18079],[-103.707,25.18921],[-103.70629,25.18499],[-103.69389,25.19085],[-103.68384,25.18859],[-103.67894,25.18282],[-103.63592,25.19064],[-103.63626,25.19189],[-103.61019,25.19532],[-103.53051,25.22194],[-103.52702,25.22027],[-103.54139,25.19202],[-103.49463,25.17339],[-103.5467,25.11571],[-103.58949,25.06348],[-103.56529,25.05449],[-103.53348,25.03382],[-103.52756,25.03813],[-103.45502,25.11101],[-103.44161,25.08329],[-103.38988,25.07695],[-103.40798,25.05168],[-103.43176,25.03114],[-103.37856,25.02673],[-103.37643,25.03237],[-103.35727,25.02682],[-103.35826,25.01809],[-103.29679,25.01712],[-103.28327,24.98876],[-103.2889,24.95236],[-103.30325,24.95189],[-103.30486,24.95631],[-103.3643,24.94929],[-103.36698,24.9271],[-103.35878,24.90232],[-103.33593,24.90574],[-103.3411,24.88828],[-103.3781,24.89199],[-103.37798,24.87052],[-103.36741,24.86965],[-103.37001,24.84574],[-103.38233,24.84813],[-103.40313,24.78028],[-103.42835,24.74458],[-103.44822,24.71523],[-103.48442,24.66466],[-103.4359,24.6442],[-103.42888,24.62357],[-103.48582,24.65121],[-103.49254,24.66075],[-103.52795,24.64369],[-103.5007,24.59113],[-103.55025,24.55904],[-103.55477,24.50654],[-103.53384,24.51433],[-103.52491,24.51067],[-103.52306,24.48012],[-103.52692,24.46132],[-103.54112,24.45732],[-103.56025,24.44481],[-103.56117,24.43226],[-103.49764,24.42615],[-103.52987,24.41308],[-103.53192,24.36224],[-103.54001,24.35181],[-103.5623,24.34604],[-103.56174,24.33057],[-103.55831,24.32532],[-103.56921,24.3191],[-103.57501,24.31856],[-103.58756,24.31059],[-103.60095,24.30765],[-103.61044,24.28837],[-103.62043,24.28901],[-103.6439,24.26807],[-103.64737,24.24934],[-103.63761,24.23538],[-103.62448,24.23774],[-103.60485,24.23708],[-103.59767,24.23148],[-103.59053,24.23068],[-103.5884,24.2384],[-103.56314,24.25716],[-103.55648,24.242],[-103.56315,24.22797],[-103.56175,24.22472],[-103.56537,24.20799],[-103.55925,24.19841],[-103.56606,24.18522],[-103.57955,24.17845],[-103.60576,24.15115],[-103.622,24.11746],[-103.63596,24.11029],[-103.66035,24.14932],[-103.69522,24.13029],[-103.76002,24.07724],[-103.7976,24.04946],[-103.79976,24.05056],[-103.81027,24.04009],[-103.8075,24.06281],[-103.80586,24.06417],[-103.81902,24.08695],[-103.8406,24.10018],[-103.86001,24.1135],[-103.88436,24.12786],[-103.90528,24.10385],[-103.89143,24.0951],[-103.88749,24.10061],[-103.86142,24.0861],[-103.86668,24.07939],[-103.86185,24.07614],[-103.86838,24.03875],[-103.8986,24.04307],[-103.90169,24.05255],[-103.91292,24.04781],[-103.91112,24.04014],[-103.90578,24.03934],[-103.90411,24.03368],[-103.91708,24.02597],[-103.92782,24.03599],[-103.93246,24.04396],[-103.94094,24.04055],[-103.94363,24.05255],[-103.94796,24.04856],[-103.95304,24.05441],[-103.96454,24.09271],[-103.93431,24.11103],[-103.94523,24.11772],[-103.94214,24.12063],[-103.9296,24.12282],[-103.92144,24.13455],[-103.92084,24.14446],[-103.92493,24.15449],[-103.92498,24.16319],[-103.93909,24.17791],[-103.93773,24.18432],[-103.94572,24.19422],[-103.95322,24.19658],[-103.9474,24.21089],[-103.94203,24.21079],[-103.93296,24.22225],[-103.93489,24.22961],[-103.93332,24.25238],[-103.92381,24.25185],[-103.91483,24.23301],[-103.90036,24.24238],[-103.90338,24.2565],[-103.89834,24.25738],[-103.91941,24.30451],[-103.89592,24.30982],[-103.90122,24.34829],[-103.92555,24.34449],[-103.92499,24.34073],[-103.94089,24.35001],[-103.97605,24.3848],[-103.96882,24.3947],[-103.99946,24.3955],[-104.0208,24.41165],[-104.00456,24.41834],[-103.98978,24.40761],[-103.98658,24.41078],[-103.97846,24.40475],[-103.94622,24.394],[-103.9461,24.3883],[-103.90978,24.38163],[-103.91715,24.40735],[-103.91584,24.44178],[-103.91343,24.46532],[-103.92547,24.47466],[-103.94318,24.50979],[-103.96995,24.49847],[-103.97209,24.50247],[-103.94086,24.51585],[-103.95935,24.55209],[-103.94582,24.56337],[-103.93332,24.57868],[-103.92863,24.57704],[-103.92399,24.5847],[-103.91666,24.59045],[-103.91211,24.5855],[-103.9113,24.59156],[-103.88745,24.61056],[-103.89512,24.61886],[-103.89146,24.62188],[-103.88383,24.61384],[-103.8382,24.64923],[-103.84403,24.65477],[-103.83714,24.66003],[-103.85777,24.68186],[-103.85382,24.68857],[-103.84195,24.69665],[-103.84453,24.70849],[-103.8434,24.71702],[-103.83781,24.71423],[-103.82771,24.72239],[-103.82734,24.72646],[-103.8148,24.72963],[-103.81799,24.7382],[-103.79951,24.73392],[-103.79711,24.76857],[-103.83282,24.77095],[-103.82354,24.79607],[-103.83108,24.79384],[-103.83553,24.80642],[-103.84562,24.8219],[-103.82888,24.82191],[-103.82164,24.83078],[-103.85424,24.84123],[-103.86747,24.84149],[-103.86634,24.83626],[-103.90066,24.80204],[-103.90202,24.80426],[-103.94426,24.81068],[-103.95932,24.84789],[-103.98099,24.88138],[-103.99721,24.91896],[-103.98111,24.96336],[-103.99435,24.96288],[-103.99533,24.98493],[-103.94283,24.98861],[-103.9484,25.04078],[-103.95704,25.05649],[-103.89763,25.09298],[-103.91284,25.11145],[-103.91957,25.13423],[-103.87584,25.19074],[-103.86137,25.19755],[-103.83991,25.23925],[-103.83237,25.25236],[-103.84145,25.27279],[-103.83459,25.26986],[-103.82757,25.26012],[-103.82389,25.26079],[-103.82317,25.27103],[-103.81889,25.25905],[-103.81557,25.25948],[-103.81269,25.27155],[-103.80519,25.27084],[-103.80155,25.27973],[-103.79143,25.27834],[-103.77796,25.27012]]]}},{"type":"Feature","properties":{"kind":"municipality","cve_mun":"10005","name":"Durango"},"geometry":{"type":"Polygon","coordinates":[[[-104.56443,24.36617],[-104.54762,24.36279],[-104.54401,24.35933],[-104.52775,24.36282],[-104.53521,24.34436],[-104.52662,24.34163],[-104.49769,24.34945],[-104.49928,24.35448],[-104.47873,24.3625],[-104.48203,24.37199],[-104.47459,24.36887],[-104.46899,24.37532],[-104.46086,24.37007],[-104.45435,24.3748],[-104.43395,24.38186],[-104.4321,24.3787],[-104.44613,24.36688],[-104.44379,24.36121],[-104.41681,24.37792],[-104.39337,24.3609],[-104.3892,24.36346],[-104.38128,24.35811],[-104.35701,24.37668],[-104.34989,24.37278],[-104.36034,24.36436],[-104.34705,24.34972],[-104.34896,24.34061],[-104.33377,24.33126],[-104.33269,24.32036],[-104.32173,24.30455],[-104.31816,24.29557],[-104.30711,24.28641],[-104.29834,24.30915],[-104.26308,24.2881],[-104.26162,24.29857],[-104.25781,24.30874],[-104.25012,24.31847],[-104.24338,24.3197],[-104.24271,24.31456],[-104.23084,24.32058],[-104.22027,24.31383],[-104.21468,24.31891],[-104.20326,24.31401],[-104.19051,24.31531],[-104.1823,24.30907],[-104.1725,24.31127],[-104.17054,24.31504],[-104.16124,24.31409],[-104.15767,24.3222],[-104.15593,24.28612],[-104.1607,24.28446],[-104.15891,24.24741],[-104.15611,24.23558],[-104.15725,24.22],[-104.15345,24.21366],[-104.13954,24.19803],[-104.1342,24.18827],[-104.15352,24.16723],[-104.13443,24.16148],[-104.13923,24.14529],[-104.12708,24.13914],[-104.12204,24.14464],[-104.10368,24.13128],[-104.10199,24.1203],[-104.11153,24.10963],[-104.14668,24.10606],[-104.16923,24.09005],[-104.17522,24.07999],[-104.18512,24.0818],[-104.20258,24.07478],[-104.21437,24.06105],[-104.23107,24.04499],[-104.24321,24.0357],[-104.24909,24.03475],[-104.25693,24.0466],[-104.25454,24.04747],[-104.25736,24.05932],[-104.27081,24.06067],[-104.27648,24.06754],[-104.29003,24.06527],[-104.29871,24.04581],[-104.30502,24.03557],[-104.29976,24.01783],[-104.29541,24.00988],[-104.31953,24.01096],[-104.33266,24.00955],[-104.3242,23.97264],[-104.32709,23.96784],[-104.32392,23.96217],[-104.36805,23.9502],[-104.39333,23.96007],[-104.39644,23.95045],[-104.38962,23.94352],[-104.39018,23.92848],[-104.39972,23.9105],[-104.39825,23.8835],[-104.39965,23.87941],[-104.39239,23.86777],[-104.39552,23.86227],[-104.39129,23.85144],[-104.39377,23.82889],[-104.39952,23.80525],[-104.40766,23.80578],[-104.41454,23.789],[-104.40414,23.78979],[-104.41152,23.76547],[-104.41306,23.75874],[-104.44048,23.75469],[-104.4793,23.75591],[-104.48094,23.74528],[-104.51172,23.75205],[-104.52274,23.76093],[-104.52965,23.76153],[-104.53914,23.76873],[-104.54471,23.73889],[-104.51872,23.72615],[-104.51851,23.72214],[-104.54131,23.70614],[-104.52806,23.70167],[-104.51633,23.69519],[-104.50989,23.70486],[-104.49979,23.70626],[-104.46979,23.68017],[-104.4538,23.68742],[-104.44632,23.68753],[-104.44022,23.69229],[-104.42402,23.68623],[-104.41457,23.67783],[-104.41034,23.66435],[-104.44668,23.64471],[-104.44769,23.65137],[-104.45571,23.65039],[-104.46873,23.6603],[-104.4886,23.65833],[-104.4841,23.64296],[-104.48654,23.63594],[-104.50142,23.63822],[-104.49048,23.61854],[-104.47398,23.61917],[-104.46602,23.62172],[-104.44666,23.61888],[-104.44535,23.60929],[-104.46433,23.60485],[-104.48654,23.61011],[-104.49029,23.60453],[-104.51598,23.60354],[-104.52567,23.60601],[-104.5166,23.62687],[-104.52206,23.63552],[-104.55335,23.58294],[-104.56085,23.5665],[-104.57006,23.55451],[-104.59672,23.57359],[-104.6691,23.53246],[-104.6498,23.51469],[-104.66259,23.50455],[-104.6521,23.49728],[-104.67319,23.47851],[-104.68327,23.48159],[-104.71525,23.5062],[-104.72808,23.50994],[-104.7292,23.48595],[-104.7895,23.48323],[-104.81247,23.48332],[-104.80981,23.3975],[-104.83196,23.40497],[-104.823,23.47993],[-104.83887,23.48202],[-104.86124,23.49694],[-104.85009,23.54735],[-104.90127,23.53891],[-104.97831,23.51353],[-105.00031,23.50155],[-105.06196,23.53146],[-105.10408,23.55136],[-105.1407,23.56947],[-105.14137,23.54633],[-105.16165,23.5321],[-105.16854,23.53214],[-105.17355,23.53963],[-105.18633,23.54334],[-105.18925,23.55202],[-105.19705,23.55406],[-105.19263,23.56882],[-105.20346,23.5735],[-105.20385,23.57928],[-105.21282,23.58191],[-105.21293,23.57709],[-105.22086,23.5768],[-105.23877,23.57134],[-105.23697,23.56434],[-105.24364,23.55163],[-105.25732,23.56183],[-105.27326,23.55875],[-105.2772,23.56811],[-105.27448,23.57559],[-105.26576,23.57809],[-105.26524,23.5907],[-105.2612,23.59595],[-105.26221,23.60413],[-105.27985,23.61682],[-105.27598,23.62155],[-105.2657,23.61767],[-105.27592,23.68873],[-105.27328,23.6906],[-105.23579,23.7583],[-105.24605,23.76536],[-105.2588,23.79275],[-105.25971,23.80235],[-105.24932,23.82616],[-105.26822,23.83646],[-105.26784,23.84136],[-105.2738,23.84661],[-105.27415,23.84709],[-105.27437,23.8474],[-105.27437,23.8474],[-105.27459,23.84733],[-105.27505,23.84719],[-105.28177,23.85031],[-105.28881,23.85798],[-105.28993,23.87507],[-105.3125,23.86846],[-105.31653,23.8766],[-105.32226,23.87608],[-105.32236,23.86373],[-105.37323,23.86177],[-105.38046,23.85951],[-105.4313,23.90682],[-105.44972,23.91605],[-105.47591,23.91204],[-105.47233,23.92647],[-105.57222,23.96768],[-105.56996,24.00931],[-105.57246,24.02811],[-105.56784,24.03355],[-105.55479,24.03003],[-105.55519,24.03812],[-105.54409,24.04484],[-105.54236,24.05081],[-105.53304,24.06097],[-105.52724,24.06078],[-105.51617,24.07316],[-105.50852,24.07032],[-105.49972,24.07197],[-105.49712,24.07898],[-105.49179,24.07763],[-105.48883,24.08604],[-105.48482,24.10993],[-105.48133,24.11867],[-105.47479,24.12648],[-105.47627,24.13229],[-105.4623,24.14039],[-105.46034,24.14702],[-105.44525,24.14574],[-105.43274,24.15898],[-105.42385,24.15889],[-105.42276,24.16515],[-105.41224,24.18489],[-105.43713,24.1794],[-105.40106,24.20462],[-105.39168,24.19566],[-105.37357,24.217],[-105.35694,24.21014],[-105.35795,24.21826],[-105.33683,24.22135],[-105.30784,24.20856],[-105.30767,24.21356],[-105.27518,24.22052],[-105.25335,24.2318],[-105.24556,24.23069],[-105.2329,24.28936],[-105.23144,24.29887],[-105.22644,24.31721],[-105.22645,24.32813],[-105.20765,24.33162],[-105.16719,24.3371],[-105.16063,24.32939],[-105.15678,24.31067],[-105.14941,24.30198],[-105.131,24.29798],[-105.12418,24.30091],[-105.13239,24.32129],[-105.14142,24.31754],[-105.15799,24.34273],[-105.16626,24.343],[-105.18376,24.34964],[-105.18736,24.36077],[-105.19408,24.35793],[-105.19969,24.36504],[-105.19536,24.36475],[-105.19509,24.375],[-105.16558,24.38146],[-105.16122,24.37975],[-105.16516,24.39743],[-105.14459,24.39423],[-105.13812,24.38973],[-105.12505,24.38965],[-105.13983,24.41287],[-105.14347,24.42465],[-105.09358,24.41883],[-105.05274,24.37705],[-105.03614,24.35511],[-105.00725,24.33259],[-105.00046,24.32499],[-104.93676,24.34146],[-104.92393,24.32818],[-104.9162,24.33263],[-104.91587,24.34048],[-104.88304,24.33778],[-104.87353,24.33152],[-104.88371,24.31644],[-104.9039,24.30024],[-104.90063,24.29974],[-104.89417,24.28867],[-104.87939,24.29385],[-104.87278,24.27213],[-104.86379,24.27144],[-104.84926,24.21446],[-104.80965,24.21498],[-104.81541,24.26111],[-104.78963,24.27291],[-104.79238,24.28295],[-104.79375,24.29963],[-104.78952,24.30256],[-104.77474,24.2895],[-104.76673,24.30147],[-104.74261,24.31164],[-104.74327,24.30344],[-104.73474,24.30185],[-104.73591,24.3115],[-104.7123,24.30772],[-104.70609,24.30214],[-104.67346,24.30287],[-104.63346,24.32287],[-104.63611,24.33248],[-104.62431,24.33974],[-104.62379,24.33737],[-104.58419,24.32513],[-104.56443,24.36617]]]}},{"type":"Feature","properties":{"kind":"municipality","cve_mun":"10006","name":"General Simón Bolívar"},"geometry":{"type":"Polygon","coordinates":[[[-102.88357,24.75103],[-102.88706,24.74854],[-102.88072,24.74385],[-102.89217,24.73574],[-102.93038,24.71272],[-102.9792,24.71419],[-102.98131,24.7073],[-102.97826,24.70084],[-102.98311,24.69517],[-102.99396,24.70496],[-102.98462,24.71435],[-103.04129,24.69472],[-103.0563,24.68524],[-103.03847,24.65406],[-103.04507,24.65717],[-103.02842,24.63061],[-103.01774,24.6211],[-103.0187,24.61674],[-102.95994,24.56961],[-102.9481,24.55909],[-102.95372,24.53657],[-102.93419,24.50847],[-102.90431,24.48186],[-102.89455,24.47962],[-102.8802,24.47273],[-102.88179,24.46465],[-102.89147,24.46084],[-102.89428,24.45868],[-102.89069,24.45106],[-102.89487,24.45035],[-102.89489,24.44203],[-102.90178,24.43571],[-102.90135,24.42859],[-102.96743,24.4577],[-102.98356,24.43325],[-103.01699,24.45103],[-103.04314,24.4665],[-103.07507,24.42262],[-103.08751,24.43602],[-103.09852,24.40162],[-103.12743,24.42247],[-103.1395,24.42847],[-103.15772,24.42784],[-103.16321,24.43456],[-103.17705,24.43159],[-103.18194,24.41989],[-103.18728,24.42328],[-103.17573,24.45006],[-103.20769,24.47652],[-103.20062,24.48055],[-103.20302,24.50042],[-103.18763,24.52445],[-103.19563,24.52854],[-103.20206,24.54031],[-103.21966,24.55537],[-103.22695,24.54319],[-103.22691,24.55052],[-103.23401,24.54834],[-103.23662,24.5388],[-103.25142,24.54155],[-103.24389,24.56801],[-103.30979,24.59614],[-103.30786,24.58145],[-103.31726,24.57907],[-103.33021,24.61338],[-103.35523,24.64581],[-103.35974,24.64806],[-103.38085,24.68131],[-103.35797,24.68366],[-103.35007,24.67995],[-103.34632,24.6839],[-103.31271,24.68767],[-103.31584,24.68848],[-103.3898,24.69057],[-103.40586,24.72867],[-103.42835,24.74458],[-103.40313,24.78028],[-103.38233,24.84813],[-103.37001,24.84574],[-103.36741,24.86965],[-103.37798,24.87052],[-103.3781,24.89199],[-103.3411,24.88828],[-103.33593,24.90574],[-103.35878,24.90232],[-103.36698,24.9271],[-103.3643,24.94929],[-103.30486,24.95631],[-103.30325,24.95189],[-103.2889,24.95236],[-103.28327,24.98876],[-103.29679,25.01712],[-103.35826,25.01809],[-103.35727,25.02682],[-103.37643,25.03237],[-103.37856,25.02673],[-103.43176,25.03114],[-103.40798,25.05168],[-103.38988,25.07695],[-103.44161,25.08329],[-103.45502,25.11101],[-103.52756,25.03813],[-103.53348,25.03382],[-103.56529,25.05449],[-103.58949,25.06348],[-103.5467,25.11571],[-103.49463,25.17339],[-103.54139,25.19202],[-103.52702,25.22027],[-103.53051,25.22194],[-103.51467,25.23073],[-103.50846,25.24052],[-103.50599,25.26756],[-103.51388,25.27871],[-103.50582,25.27656],[-103.49845,25.26318],[-103.49682,25.2559],[-103.47303,25.25001],[-103.46645,25.23923],[-103.44922,25.22711],[-103.44983,25.21869],[-103.44425,25.20869],[-103.43365,25.19998],[-103.42579,25.20154],[-103.41867,25.19651],[-103.41831,25.192],[-103.40337,25.18263],[-103.39819,25.17548],[-103.39739,25.16385],[-103.39437,25.15815],[-103.38336,25.14944],[-103.3768,25.1415],[-103.37039,25.124],[-103.35953,25.11002],[-103.35232,25.10729],[-103.34607,25.11068],[-103.33961,25.10766],[-103.33999,25.10229],[-103.3326,25.09645],[-103.32226,25.09429],[-103.31195,25.08485],[-103.29918,25.08223],[-103.29322,25.07865],[-103.2927,25.07272],[-103.27822,25.06297],[-103.26274,25.059],[-103.2615,25.05416],[-103.26905,25.05548],[-103.26874,25.04983],[-103.27445,25.04625],[-103.26944,25.04024],[-103.27801,25.03461],[-103.26748,25.02804],[-103.27403,25.0209],[-103.26684,25.01195],[-103.25459,25.00403],[-103.24667,24.99641],[-103.24536,24.98246],[-103.25001,24.97884],[-103.25291,24.9699],[-103.25914,24.96465],[-103.09678,24.82653],[-103.08701,24.82049],[-103.06763,24.81803],[-103.05374,24.80994],[-103.03304,24.81067],[-103.02052,24.79984],[-103.01545,24.80105],[-103.00357,24.79316],[-103.00078,24.79838],[-102.99046,24.7942],[-102.97537,24.7995],[-102.9748,24.79324],[-102.96522,24.79411],[-102.96356,24.78806],[-102.94914,24.7797],[-102.93764,24.77777],[-102.92245,24.77972],[-102.92081,24.77277],[-102.9162,24.77611],[-102.90782,24.76815],[-102.89687,24.7663],[-102.88593,24.75753],[-102.88357,24.75103]]]}},{"type":"Feature","properties":{"kind":"municipality","cve_mun":"10007","name":"Gómez Palacio"},"geometry":{"type":"Polygon","coordinates":[[[-103.40587,25.87507],[-103.40502,25.87497],[-103.40416,25.87486],[-103.40368,25.8748],[-103.40343,25.87478],[-103.4017,25.87486],[-103.40085,25.87416],[-103.39659,25.87021],[-103.39159,25.85664],[-103.3794,25.86032],[-103.37967,25.85513],[-103.37167,25.85348],[-103.37285,25.86706],[-103.36215,25.86434],[-103.3572,25.86837],[-103.35713,25.86843],[-103.35508,25.8701],[-103.35461,25.87048],[-103.35386,25.8711],[-103.35348,25.87141],[-103.3466,25.87694],[-103.34635,25.8603],[-103.34249,25.84942],[-103.33711,25.84413],[-103.33166,25.83166],[-103.32288,25.82508],[-103.31891,25.8148],[-103.31877,25.80631],[-103.32245,25.8011],[-103.32297,25.78421],[-103.32674,25.77241],[-103.32638,25.76044],[-103.3381,25.72726],[-103.35283,25.71655],[-103.33939,25.7079],[-103.34222,25.70452],[-103.35498,25.69986],[-103.3492,25.69344],[-103.35744,25.69039],[-103.36338,25.67424],[-103.36908,25.66637],[-103.38363,25.65325],[-103.38091,25.64089],[-103.38336,25.63989],[-103.4,25.64606],[-103.40771,25.64383],[-103.40873,25.63967],[-103.40279,25.62903],[-103.414,25.62441],[-103.42053,25.62566],[-103.42495,25.61998],[-103.41725,25.61362],[-103.42751,25.61131],[-103.43028,25.59825],[-103.43871,25.59486],[-103.43369,25.5893],[-103.43536,25.58277],[-103.44674,25.58167],[-103.45262,25.57527],[-103.45142,25.56548],[-103.45464,25.55792],[-103.46861,25.54692],[-103.49323,25.53853],[-103.49991,25.53623],[-103.49764,25.54366],[-103.50278,25.55027],[-103.55584,25.59967],[-103.56934,25.58792],[-103.57651,25.59342],[-103.57718,25.59815],[-103.58727,25.59601],[-103.58976,25.61009],[-103.59714,25.61478],[-103.59186,25.61859],[-103.60847,25.62468],[-103.60599,25.62674],[-103.59349,25.6371],[-103.61365,25.6571],[-103.62931,25.64414],[-103.64321,25.65979],[-103.64358,25.6602],[-103.64479,25.66157],[-103.64501,25.66181],[-103.65161,25.66924],[-103.63769,25.68095],[-103.66708,25.71005],[-103.69046,25.73466],[-103.63773,25.75038],[-103.62812,25.76007],[-103.63427,25.7676],[-103.62571,25.77785],[-103.62273,25.77114],[-103.61671,25.77511],[-103.61896,25.78662],[-103.61508,25.78791],[-103.61486,25.7991],[-103.60518,25.84283],[-103.58188,25.85861],[-103.56971,25.88799],[-103.56443,25.87758],[-103.55339,25.8823],[-103.54994,25.87526],[-103.53948,25.87963],[-103.54308,25.86575],[-103.5231,25.86359],[-103.50559,25.86596],[-103.50741,25.83257],[-103.48479,25.83112],[-103.48214,25.85764],[-103.47418,25.85818],[-103.46048,25.85469],[-103.46142,25.84195],[-103.43691,25.83812],[-103.43768,25.82927],[-103.41135,25.8357],[-103.42081,25.84599],[-103.43329,25.84316],[-103.43193,25.85733],[-103.44385,25.86962],[-103.40587,25.87507]]]}},{"type":"Feature","properties":{"kind":"municipality","cve_mun":"10008","name":"Guadalupe Victoria"},"geometry":{"type":"Polygon","coordinates":[[[-103.96995,24.49847],[-103.94318,24.50979],[-103.92547,24.47466],[-103.91343,24.46532],[-103.91584,24.44178],[-103.91715,24.40735],[-103.90978,24.38163],[-103.9461,24.3883],[-103.94622,24.394],[-103.97846,24.40475],[-103.98658,24.41078],[-103.98978,24.40761],[-104.00456,24.41834],[-104.0208,24.41165],[-103.99946,24.3955],[-103.96882,24.3947],[-103.97605,24.3848],[-103.94089,24.35001],[-103.92499,24.34073],[-103.92555,24.34449],[-103.90122,24.34829],[-103.89592,24.30982],[-103.91941,24.30451],[-103.89834,24.25738],[-103.90338,24.2565],[-103.90036,24.24238],[-103.91483,24.23301],[-103.92381,24.25185],[-103.93332,24.25238],[-103.93489,24.22961],[-103.93296,24.22225],[-103.94203,24.21079],[-103.9474,24.21089],[-103.95322,24.19658],[-103.94572,24.19422],[-103.93773,24.18432],[-103.93909,24.17791],[-103.92498,24.16319],[-103.92493,24.15449],[-103.92084,24.14446],[-103.92144,24.13455],[-103.9296,24.12282],[-103.94214,24.12063],[-103.94523,24.11772],[-104.01139,24.15777],[-104.02843,24.15436],[-104.0413,24.16969],[-104.04778,24.16983],[-104.05255,24.18128],[-104.05281,24.19995],[-104.07783,24.21567],[-104.08988,24.22168],[-104.11287,24.24937],[-104.12042,24.25006],[-104.12614,24.2419],[-104.12074,24.23596],[-104.11863,24.22578],[-104.12532,24.22213],[-104.1391,24.22087],[-104.14614,24.21456],[-104.15345,24.21366],[-104.15725,24.22],[-104.15611,24.23558],[-104.15891,24.24741],[-104.1607,24.28446],[-104.15593,24.28612],[-104.15767,24.3222],[-104.16124,24.31409],[-104.17054,24.31504],[-104.1725,24.31127],[-104.1823,24.30907],[-104.19051,24.31531],[-104.20326,24.31401],[-104.21468,24.31891],[-104.22027,24.31383],[-104.23084,24.32058],[-104.24271,24.31456],[-104.24338,24.3197],[-104.25012,24.31847],[-104.25781,24.30874],[-104.26162,24.29857],[-104.25419,24.34863],[-104.16741,24.36985],[-104.17076,24.3764],[-104.18507,24.3721],[-104.18709,24.37619],[-104.17742,24.37878],[-104.18426,24.3925],[-104.20242,24.38527],[-104.20744,24.38807],[-104.19971,24.40776],[-104.19989,24.4154],[-104.19085,24.42035],[-104.17627,24.43416],[-104.19446,24.44717],[-104.18307,24.45554],[-104.17804,24.44839],[-104.16995,24.45277],[-104.17426,24.46761],[-104.17701,24.46457],[-104.17936,24.473],[-104.18577,24.48335],[-104.19974,24.48849],[-104.20408,24.49278],[-104.2108,24.50944],[-104.20486,24.51249],[-104.21216,24.52308],[-104.21813,24.52467],[-104.25435,24.52364],[-104.25488,24.53368],[-104.23296,24.53487],[-104.22389,24.54162],[-104.22573,24.55797],[-104.26695,24.58571],[-104.21566,24.5914],[-104.26392,24.63164],[-104.18219,24.67999],[-104.12816,24.68352],[-104.10327,24.65238],[-104.06481,24.62911],[-104.04763,24.68114],[-104.04613,24.67155],[-104.03952,24.6694],[-104.02582,24.65047],[-104.03592,24.642],[-104.02754,24.63293],[-104.03528,24.62908],[-104.03649,24.61221],[-104.02312,24.55954],[-104.02051,24.55883],[-104.01533,24.52996],[-104.01065,24.51278],[-103.99535,24.48433],[-103.97536,24.49408],[-103.96995,24.49847]]]}},{"type":"Feature","properties":{"kind":"municipality","cve_mun":"10009","name":"Guanaceví"},"geometry":{"type":"Polygon","coordinates":[[[-105.87662,26.45165],[-105.8823,26.40797],[-105.87947,26.39859],[-105.89627,26.37294],[-105.90768,26.35757],[-105.92917,26.37857],[-105.94492,26.37949],[-105.94396,26.37263],[-105.95173,26.36685],[-105.92902,26.34287],[-105.93102,26.32895],[-105.93473,26.32292],[-105.94146,26.32062],[-105.93789,26.31005],[-105.94257,26.29427],[-105.94231,26.2863],[-105.93534,26.27797],[-105.95382,26.28265],[-105.95632,26.27448],[-105.918,26.2632],[-105.90232,26.2403],[-105.91589,26.23634],[-105.91779,26.22418],[-105.92466,26.21716],[-105.92265,26.21328],[-105.93306,26.21518],[-105.94904,26.2078],[-105.95358,26.20285],[-105.94743,26.19122],[-105.926,26.19453],[-105.92594,26.18842],[-105.92105,26.18415],[-105.92515,26.1755],[-105.91687,26.16014],[-105.91005,26.15765],[-105.90246,26.15965],[-105.89564,26.14789],[-105.89256,26.13479],[-105.8837,26.13298],[-105.89181,26.14607],[-105.86703,26.14972],[-105.81871,26.11535],[-105.7737,26.07437],[-105.77394,26.02532],[-105.76709,26.01328],[-105.75265,26.00123],[-105.72346,26.00507],[-105.72724,26.00715],[-105.69103,26.05474],[-105.69059,26.05129],[-105.68015,26.05308],[-105.67089,26.03584],[-105.67957,26.03739],[-105.66849,26.01262],[-105.67575,26.00998],[-105.67449,25.9983],[-105.68067,25.98872],[-105.70643,25.99892],[-105.72377,25.99296],[-105.72162,25.98812],[-105.72246,25.94344],[-105.70844,25.91875],[-105.70938,25.89862],[-105.7015,25.86317],[-105.69768,25.86896],[-105.6862,25.8686],[-105.64729,25.83289],[-105.62815,25.82509],[-105.65286,25.9006],[-105.58894,25.84046],[-105.55167,25.87684],[-105.58481,25.89824],[-105.58192,25.90514],[-105.556,25.90295],[-105.56155,25.90833],[-105.5645,25.92207],[-105.53396,25.92606],[-105.5311,25.9222],[-105.52552,25.92485],[-105.51065,25.91878],[-105.50353,25.92133],[-105.4942,25.90038],[-105.54887,25.85053],[-105.52428,25.8311],[-105.5101,25.83883],[-105.49555,25.81805],[-105.51306,25.81198],[-105.51973,25.80075],[-105.51127,25.795],[-105.51592,25.79142],[-105.52011,25.77129],[-105.51037,25.76369],[-105.505,25.76485],[-105.51925,25.74251],[-105.52841,25.75154],[-105.53522,25.74233],[-105.53965,25.74555],[-105.55019,25.74246],[-105.56072,25.73086],[-105.55817,25.71404],[-105.54351,25.66722],[-105.57261,25.66524],[-105.56735,25.63047],[-105.56301,25.60806],[-105.58917,25.58856],[-105.63231,25.56087],[-105.6405,25.57637],[-105.6763,25.56006],[-105.67857,25.57171],[-105.68913,25.56888],[-105.70311,25.57676],[-105.70847,25.57364],[-105.71169,25.59004],[-105.72266,25.59551],[-105.72602,25.60244],[-105.73293,25.60426],[-105.74466,25.61418],[-105.74557,25.63854],[-105.74765,25.64556],[-105.74509,25.65604],[-105.74776,25.66744],[-105.75451,25.67585],[-105.76906,25.68506],[-105.77497,25.69358],[-105.79629,25.67354],[-105.82538,25.69172],[-105.8554,25.7069],[-105.89916,25.71915],[-105.90408,25.71529],[-105.91059,25.71923],[-105.90999,25.72529],[-105.91706,25.72676],[-105.92757,25.7231],[-105.92693,25.7159],[-105.93682,25.71946],[-105.937,25.72451],[-105.94493,25.73058],[-105.95197,25.72725],[-105.96204,25.73236],[-105.96216,25.72737],[-105.97158,25.73311],[-105.97615,25.74096],[-105.98553,25.74196],[-105.98949,25.7378],[-105.99697,25.74074],[-106.00217,25.73651],[-106.02919,25.73276],[-106.03534,25.73386],[-106.03657,25.7287],[-106.04343,25.72648],[-106.04944,25.71807],[-106.05594,25.71984],[-106.06315,25.72674],[-106.0751,25.71843],[-106.08427,25.72203],[-106.09345,25.72183],[-106.10613,25.73179],[-106.10884,25.73663],[-106.11172,25.75451],[-106.14183,25.75525],[-106.1597,25.76374],[-106.16717,25.77145],[-106.16671,25.78673],[-106.17175,25.78937],[-106.18776,25.78583],[-106.20377,25.82244],[-106.24342,25.74384],[-106.3445,25.79577],[-106.46403,25.74171],[-106.52655,25.71338],[-106.55596,25.6917],[-106.56012,25.9127],[-106.5473,25.95242],[-106.53371,25.94576],[-106.50146,25.95495],[-106.49166,25.96805],[-106.45581,25.97258],[-106.4447,26.00508],[-106.4704,26.00542],[-106.46744,26.01828],[-106.46409,26.01786],[-106.45339,26.02784],[-106.45409,26.04635],[-106.46503,26.05193],[-106.47122,26.06052],[-106.4544,26.09526],[-106.46131,26.10626],[-106.45863,26.11216],[-106.41561,26.1394],[-106.43277,26.20401],[-106.34462,26.30987],[-106.33296,26.31986],[-106.31225,26.34875],[-106.29951,26.33708],[-106.28703,26.33508],[-106.27545,26.36741],[-106.30217,26.36387],[-106.29759,26.39645],[-106.26436,26.40611],[-106.26521,26.42414],[-106.24202,26.46682],[-106.25085,26.47858],[-106.24746,26.48218],[-106.25198,26.48814],[-106.25517,26.49891],[-106.25387,26.50735],[-106.27165,26.50734],[-106.28066,26.51175],[-106.26956,26.52717],[-106.24526,26.50559],[-106.24141,26.49316],[-106.20679,26.5126],[-106.19691,26.5014],[-106.2033,26.47969],[-106.22414,26.47147],[-106.18775,26.46949],[-106.15352,26.46964],[-106.14768,26.45836],[-106.1293,26.4359],[-106.13043,26.42407],[-106.12354,26.41527],[-106.11899,26.41942],[-106.11076,26.41814],[-106.1101,26.40887],[-106.10521,26.40041],[-106.09542,26.39952],[-106.09051,26.40239],[-106.08547,26.39382],[-106.07596,26.39975],[-106.07101,26.38886],[-106.05555,26.38692],[-106.05752,26.37688],[-106.05059,26.36792],[-106.04176,26.36384],[-106.03565,26.3667],[-106.03339,26.3626],[-106.0218,26.36731],[-106.02978,26.36908],[-106.01021,26.37003],[-106.00718,26.37834],[-105.99727,26.38822],[-105.99111,26.40789],[-105.99207,26.42637],[-105.94806,26.45157],[-105.94001,26.42476],[-105.91942,26.40156],[-105.93237,26.42654],[-105.92026,26.42545],[-105.89925,26.42021],[-105.87662,26.45165]]]}},{"type":"Feature","properties":{"kind":"municipality","cve_mun":"10010","name":"Hidalgo"},"geometry":{"type":"Polygon","coordinates":[[[-104.57444,26.34046],[-104.56181,26.29562],[-104.49146,26.22593],[-104.4981,26.20795],[-104.50054,26.14043],[-104.4976,26.12539],[-104.5613,26.10004],[-104.58201,26.09117],[-104.57383,26.01638],[-104.56951,26.01526],[-104.56974,26.00417],[-104.60237,25.96931],[-104.61166,25.95151],[-104.59184,25.94439],[-104.56183,25.91471],[-104.5414,25.90559],[-104.51472,25.91443],[-104.49385,25.88061],[-104.48973,25.88758],[-104.44378,25.88972],[-104.43983,25.87304],[-104.43537,25.85167],[-104.42872,25.83395],[-104.43124,25.82664],[-104.43956,25.82779],[-104.45464,25.82422],[-104.44294,25.81898],[-104.53834,25.78431],[-104.5949,25.76333],[-104.57386,25.73252],[-104.54945,25.70848],[-104.54707,25.7108],[-104.53241,25.70376],[-104.53001,25.69847],[-104.54303,25.68351],[-104.55897,25.67838],[-104.56824,25.67091],[-104.58343,25.66978],[-104.60545,25.67728],[-104.61996,25.6668],[-104.6472,25.65108],[-104.63587,25.63348],[-104.63882,25.62132],[-104.64802,25.61254],[-104.65809,25.61109],[-104.6652,25.6028],[-104.71436,25.58015],[-104.72402,25.588],[-104.75433,25.59908],[-104.76967,25.61106],[-104.77567,25.61836],[-104.7912,25.65088],[-104.84715,25.70783],[-104.86764,25.72566],[-104.90536,25.7556],[-104.93576,25.82163],[-104.94682,25.83053],[-105.03026,25.94943],[-105.02216,25.95661],[-105.01582,25.96709],[-105.01231,25.97795],[-105.01604,25.9863],[-105.01206,25.99],[-105.00737,26.00522],[-105.02322,26.00775],[-105.02927,26.01136],[-105.03757,26.02159],[-105.0521,26.02608],[-105.06383,26.02655],[-105.07968,26.01971],[-105.08419,26.02611],[-105.0735,26.03197],[-105.0662,26.04242],[-105.06971,26.04917],[-105.08429,26.03902],[-105.09383,26.03477],[-105.11239,26.03889],[-105.10451,26.04377],[-105.1042,26.05887],[-105.1011,26.06896],[-105.10482,26.07379],[-105.11207,26.07376],[-105.15452,26.11515],[-105.16143,26.11138],[-105.18564,26.08447],[-105.20777,26.11977],[-105.21893,26.12975],[-105.21939,26.13332],[-105.22388,26.14602],[-105.24289,26.16872],[-105.25054,26.16834],[-105.25837,26.17653],[-105.26338,26.18738],[-105.27141,26.19054],[-105.27698,26.20118],[-105.05636,26.41227],[-105.05662,26.4193],[-105.05257,26.42976],[-105.03733,26.43575],[-105.03122,26.43505],[-105.01492,26.44703],[-105.00557,26.44847],[-104.99745,26.4557],[-104.98682,26.45205],[-104.97374,26.45304],[-104.9653,26.44832],[-104.95754,26.4558],[-104.95623,26.46284],[-104.96958,26.46595],[-104.96321,26.47339],[-104.94404,26.46873],[-104.94031,26.47939],[-104.93225,26.48751],[-104.91824,26.49384],[-104.90854,26.50549],[-104.89889,26.51001],[-104.87046,26.50417],[-104.80927,26.50849],[-104.79122,26.50456],[-104.7769,26.49259],[-104.76095,26.48581],[-104.74783,26.49244],[-104.73643,26.47915],[-104.7295,26.47961],[-104.71882,26.46721],[-104.71354,26.46671],[-104.70968,26.45588],[-104.70461,26.45313],[-104.68674,26.43307],[-104.67772,26.42966],[-104.67411,26.42114],[-104.66892,26.41833],[-104.6702,26.41208],[-104.66394,26.41069],[-104.65407,26.39105],[-104.64661,26.39202],[-104.63476,26.38074],[-104.62816,26.37819],[-104.62612,26.37155],[-104.62008,26.36884],[-104.59385,26.38044],[-104.57444,26.34046]]]}},{"type":"Feature","properties":{"kind":"municipality","cve_mun":"10011","name":"Indé"},"geometry":{"type":"Polygon","coordinates":[[[-104.6652,25.6028],[-104.6342,25.56186],[-104.63749,25.55583],[-104.61402,25.53016],[-104.59595,25.52541],[-104.60494,25.51994],[-104.60687,25.51458],[-104.60944,25.47857],[-104.60666,25.47122],[-104.59802,25.47147],[-104.59813,25.45807],[-104.5953,25.44291],[-104.61178,25.44155],[-104.61238,25.42819],[-104.62223,25.42644],[-104.64237,25.39882],[-104.62536,25.395],[-104.63231,25.37739],[-104.64385,25.36118],[-104.6594,25.37029],[-104.66775,25.35958],[-104.67439,25.34037],[-104.70971,25.36166],[-104.7154,25.34319],[-104.72459,25.34984],[-104.72683,25.35828],[-104.7373,25.36336],[-104.741,25.3612],[-104.75093,25.36784],[-104.75592,25.36614],[-104.75821,25.37262],[-104.76872,25.37599],[-104.76907,25.38622],[-104.78021,25.39054],[-104.78873,25.38487],[-104.79624,25.3888],[-104.79462,25.39736],[-104.80829,25.40319],[-104.81466,25.42281],[-104.82154,25.42371],[-104.82583,25.41788],[-104.83313,25.41915],[-104.82997,25.42905],[-104.8398,25.43059],[-104.84234,25.43637],[-104.85162,25.44147],[-104.86946,25.44499],[-104.87614,25.44992],[-104.8836,25.45028],[-104.89375,25.44125],[-104.90542,25.45401],[-104.90955,25.43791],[-104.91423,25.44862],[-104.91242,25.46591],[-104.93093,25.47158],[-104.93034,25.49599],[-104.95737,25.49463],[-104.95753,25.47731],[-104.9615,25.47055],[-104.98892,25.44594],[-105.00849,25.46584],[-105.0438,25.50496],[-105.05437,25.5083],[-105.05947,25.50529],[-105.06309,25.51391],[-105.05746,25.52752],[-105.06027,25.53432],[-105.04258,25.54525],[-105.06873,25.57937],[-105.06673,25.58078],[-105.07292,25.60665],[-105.082,25.62354],[-105.07758,25.65441],[-105.09252,25.68025],[-105.07158,25.69317],[-105.06736,25.6983],[-105.08144,25.71619],[-105.10153,25.7244],[-105.11106,25.74364],[-105.11429,25.74058],[-105.12005,25.72599],[-105.13153,25.71465],[-105.14964,25.69214],[-105.1594,25.69584],[-105.16505,25.69463],[-105.17279,25.70091],[-105.18986,25.70737],[-105.20449,25.69529],[-105.21292,25.69372],[-105.22226,25.70116],[-105.21471,25.71059],[-105.22042,25.72347],[-105.22875,25.72536],[-105.2214,25.7318],[-105.22543,25.74476],[-105.24573,25.76576],[-105.22924,25.78967],[-105.22864,25.80688],[-105.23697,25.8287],[-105.25966,25.83242],[-105.27411,25.83215],[-105.27299,25.83473],[-105.29445,25.86917],[-105.30119,25.87166],[-105.29985,25.89813],[-105.32226,25.89267],[-105.31929,25.91715],[-105.31239,25.9257],[-105.3113,25.93879],[-105.30762,25.94117],[-105.31776,25.95095],[-105.32244,25.97589],[-105.30262,25.98495],[-105.32157,26.0189],[-105.3168,26.02469],[-105.326,26.03866],[-105.33139,26.02598],[-105.35491,26.07112],[-105.33739,26.0713],[-105.28609,26.10352],[-105.26331,26.10895],[-105.25114,26.11663],[-105.24274,26.11717],[-105.23219,26.12199],[-105.22862,26.13133],[-105.21939,26.13332],[-105.21893,26.12975],[-105.20777,26.11977],[-105.18564,26.08447],[-105.16143,26.11138],[-105.15452,26.11515],[-105.11207,26.07376],[-105.10482,26.07379],[-105.1011,26.06896],[-105.1042,26.05887],[-105.10451,26.04377],[-105.11239,26.03889],[-105.09383,26.03477],[-105.08429,26.03902],[-105.06971,26.04917],[-105.0662,26.04242],[-105.0735,26.03197],[-105.08419,26.02611],[-105.07968,26.01971],[-105.06383,26.02655],[-105.0521,26.02608],[-105.03757,26.02159],[-105.02927,26.01136],[-105.02322,26.00775],[-105.00737,26.00522],[-105.01206,25.99],[-105.01604,25.9863],[-105.01231,25.97795],[-105.01582,25.96709],[-105.02216,25.95661],[-105.03026,25.94943],[-104.94682,25.83053],[-104.93576,25.82163],[-104.90536,25.7556],[-104.86764,25.72566],[-104.84715,25.70783],[-104.7912,25.65088],[-104.77567,25.61836],[-104.76967,25.61106],[-104.75433,25.59908],[-104.72402,25.588],[-104.71436,25.58015],[-104.6652,25.6028]]]}},{"type":"Feature","properties":{"kind":"municipality","cve_mun":"10012","name":"Lerdo"},"geometry":{"type":"Polygon","coordinates":[[[-103.69046,25.73466],[-103.66708,25.71005],[-103.63769,25.68095],[-103.65161,25.66924],[-103.64501,25.66181],[-103.64486,25.66164],[-103.64479,25.66157],[-103.64358,25.6602],[-103.64343,25.66003],[-103.64321,25.65979],[-103.62931,25.64414],[-103.61365,25.6571],[-103.59349,25.6371],[-103.605,25.62756],[-103.60599,25.62674],[-103.60605,25.62669],[-103.60847,25.62468],[-103.59186,25.61859],[-103.59714,25.61478],[-103.58976,25.61009],[-103.58727,25.59601],[-103.57718,25.59815],[-103.57651,25.59342],[-103.56934,25.58792],[-103.55584,25.59967],[-103.50278,25.55027],[-103.49764,25.54366],[-103.49991,25.53623],[-103.49323,25.53853],[-103.49441,25.53773],[-103.47515,25.51792],[-103.43572,25.47907],[-103.42802,25.47525],[-103.39874,25.4506],[-103.39064,25.43459],[-103.36905,25.41646],[-103.35101,25.41034],[-103.34136,25.41014],[-103.33762,25.39718],[-103.33691,25.37123],[-103.35103,25.37288],[-103.3579,25.38485],[-103.36551,25.39315],[-103.38045,25.39095],[-103.39096,25.39738],[-103.39598,25.39545],[-103.40691,25.3989],[-103.42033,25.39406],[-103.43353,25.38625],[-103.44493,25.38402],[-103.46244,25.37599],[-103.461,25.37123],[-103.47012,25.34617],[-103.48645,25.33075],[-103.47906,25.32499],[-103.4853,25.31533],[-103.49645,25.30928],[-103.4985,25.29412],[-103.50761,25.29291],[-103.5107,25.27912],[-103.50582,25.27656],[-103.51388,25.27871],[-103.50599,25.26756],[-103.50846,25.24052],[-103.51467,25.23073],[-103.53051,25.22194],[-103.61019,25.19532],[-103.63626,25.19189],[-103.63592,25.19064],[-103.67894,25.18282],[-103.68384,25.18859],[-103.69389,25.19085],[-103.70629,25.18499],[-103.707,25.18921],[-103.71563,25.18079],[-103.71627,25.17423],[-103.75354,25.19224],[-103.76815,25.22723],[-103.76531,25.24206],[-103.77001,25.25263],[-103.77376,25.26811],[-103.76849,25.27501],[-103.77796,25.27012],[-103.786,25.27902],[-103.78903,25.28993],[-103.82268,25.35006],[-103.80934,25.36281],[-103.79302,25.39263],[-103.84829,25.46131],[-103.90229,25.45246],[-103.90498,25.47209],[-103.94935,25.45827],[-103.95227,25.47055],[-103.97106,25.50582],[-103.97321,25.53782],[-103.9776,25.54968],[-103.9416,25.50039],[-103.93634,25.49158],[-103.89884,25.49839],[-103.89351,25.47424],[-103.86327,25.4799],[-103.88708,25.5406],[-103.85566,25.53938],[-103.86535,25.56093],[-103.91383,25.56274],[-103.90954,25.62401],[-103.89818,25.62774],[-103.9078,25.64141],[-103.94489,25.68812],[-103.95424,25.68335],[-103.96564,25.70546],[-103.96082,25.70818],[-103.96637,25.71515],[-103.92635,25.72815],[-103.93449,25.74355],[-103.92858,25.74695],[-103.93924,25.75258],[-103.91226,25.7665],[-103.90144,25.76783],[-103.8457,25.76764],[-103.84606,25.76587],[-103.81398,25.75854],[-103.73431,25.75154],[-103.7055,25.74795],[-103.69046,25.73466]]]}},{"type":"Feature","properties":{"kind":"municipality","cve_mun":"10013","name":"Mapimí"},"geometry":{"type":"Polygon","coordinates":[[[-103.93257,26.75399],[-104.03553,26.65044],[-104.04401,26.64276],[-104.02918,26.63281],[-104.01533,26.62994],[-104.0147,26.59716],[-104.02371,26.56839],[-104.01296,26.56771],[-104.01611,26.56014],[-103.94746,26.55785],[-103.94485,26.54194],[-103.9513,26.50372],[-103.95626,26.49248],[-103.97508,26.47728],[-103.95298,26.4535],[-103.96098,26.44705],[-103.95453,26.44014],[-104.01021,26.39519],[-103.83813,26.21006],[-103.76941,26.14638],[-103.7002,26.08173],[-103.66536,25.99454],[-103.65672,25.97433],[-103.64976,25.95736],[-103.65004,25.9548],[-103.63066,25.90681],[-103.62761,25.90126],[-103.59313,25.92539],[-103.58888,25.91254],[-103.58402,25.91544],[-103.57333,25.9125],[-103.57715,25.89938],[-103.56626,25.89673],[-103.56971,25.88799],[-103.58188,25.85861],[-103.60518,25.84283],[-103.61486,25.7991],[-103.61508,25.78791],[-103.61896,25.78662],[-103.61671,25.77511],[-103.62273,25.77114],[-103.62571,25.77785],[-103.63427,25.7676],[-103.62812,25.76007],[-103.63773,25.75038],[-103.69046,25.73466],[-103.7055,25.74795],[-103.73431,25.75154],[-103.81398,25.75854],[-103.84606,25.76587],[-103.8457,25.76764],[-103.90144,25.76783],[-103.91226,25.7665],[-103.93924,25.75258],[-103.92858,25.74695],[-103.93449,25.74355],[-103.92635,25.72815],[-103.96637,25.71515],[-103.96082,25.70818],[-103.96564,25.70546],[-103.95424,25.68335],[-103.94489,25.68812],[-103.9078,25.64141],[-103.89818,25.62774],[-103.90954,25.62401],[-103.91383,25.56274],[-103.86535,25.56093],[-103.85566,25.53938],[-103.88708,25.5406],[-103.86327,25.4799],[-103.89351,25.47424],[-103.89884,25.49839],[-103.93634,25.49158],[-103.9416,25.50039],[-103.9776,25.54968],[-103.9802,25.55309],[-104.01613,25.54423],[-104.01746,25.57934],[-104.02698,25.57238],[-104.02953,25.57456],[-104.04347,25.57329],[-104.0496,25.56432],[-104.05237,25.55124],[-104.06212,25.55248],[-104.07061,25.5502],[-104.07517,25.55634],[-104.08137,25.57281],[-104.08181,25.58195],[-104.09293,25.58597],[-104.10014,25.56868],[-104.10631,25.5647],[-104.1139,25.57388],[-104.12581,25.57084],[-104.12305,25.56434],[-104.15,25.57214],[-104.18484,25.62189],[-104.18672,25.6426],[-104.16803,25.6456],[-104.16406,25.67935],[-104.1542,25.73236],[-104.13559,25.74149],[-104.14614,25.74965],[-104.15454,25.74655],[-104.15398,25.75569],[-104.15907,25.76235],[-104.1809,25.75828],[-104.18593,25.7559],[-104.20316,25.75361],[-104.20484,25.76652],[-104.22142,25.77092],[-104.26067,25.71814],[-104.29491,25.75615],[-104.28709,25.7736],[-104.28929,25.77395],[-104.2876,25.80632],[-104.29534,25.82536],[-104.30094,25.82477],[-104.29877,25.83414],[-104.36497,25.82677],[-104.32555,25.83313],[-104.31246,25.83609],[-104.32151,25.86995],[-104.35626,25.87441],[-104.40364,25.88263],[-104.40079,25.87356],[-104.41505,25.87242],[-104.42004,25.88548],[-104.42686,25.88684],[-104.43983,25.87304],[-104.44378,25.88972],[-104.48973,25.88758],[-104.49385,25.88061],[-104.51472,25.91443],[-104.5414,25.90559],[-104.56183,25.91471],[-104.59184,25.94439],[-104.61166,25.95151],[-104.60237,25.96931],[-104.56974,26.00417],[-104.56951,26.01526],[-104.57383,26.01638],[-104.58201,26.09117],[-104.5613,26.10004],[-104.4976,26.12539],[-104.50054,26.14043],[-104.4981,26.20795],[-104.49146,26.22593],[-104.56181,26.29562],[-104.57444,26.34046],[-104.50108,26.41454],[-104.49621,26.42639],[-104.49695,26.44356],[-104.50143,26.44958],[-104.50305,26.46498],[-104.49589,26.46685],[-104.4841,26.49465],[-104.4792,26.50007],[-104.46855,26.52034],[-104.45546,26.54924],[-104.45089,26.57158],[-104.44005,26.59658],[-104.43477,26.60452],[-104.39527,26.62888],[-104.38562,26.63229],[-104.37541,26.64071],[-104.3562,26.64649],[-104.33038,26.65653],[-104.31047,26.69433],[-104.30543,26.70175],[-104.30679,26.70716],[-104.29692,26.71791],[-104.28653,26.7254],[-104.2954,26.7464],[-104.30432,26.75541],[-104.31727,26.76073],[-104.30175,26.77194],[-104.30323,26.7838],[-104.31523,26.79864],[-104.30913,26.80523],[-104.29443,26.81077],[-104.29488,26.81775],[-104.28361,26.82531],[-104.28187,26.83564],[-104.27303,26.84228],[-104.26138,26.83038],[-104.25094,26.8085],[-104.22766,26.7793],[-104.2278,26.77715],[-104.18393,26.77357],[-104.05692,26.74815],[-104.04573,26.74297],[-104.0416,26.74963],[-104.03318,26.77439],[-103.99499,26.77754],[-103.99382,26.75361],[-103.93257,26.75399]]]}},{"type":"Feature","properties":{"kind":"municipality","cve_mun":"10014","name":"Mezquital"},"geometry":{"type":"Polygon","coordinates":[[[-104.41152,23.76547],[-104.38917,23.75084],[-104.35863,23.75089],[-104.35508,23.74485],[-104.33103,23.75223],[-104.30622,23.73965],[-104.29833,23.75038],[-104.29663,23.74288],[-104.2985,23.73421],[-104.28858,23.72387],[-104.28713,23.71844],[-104.27261,23.71573],[-104.26944,23.71145],[-104.27218,23.70535],[-104.26741,23.69662],[-104.27123,23.6909],[-104.27089,23.67972],[-104.2791,23.67922],[-104.2726,23.66873],[-104.28022,23.66033],[-104.27974,23.63082],[-104.26074,23.63],[-104.23733,23.63256],[-104.2383,23.63057],[-104.24485,23.61717],[-104.26266,23.58519],[-104.2726,23.56351],[-104.2756,23.54549],[-104.279,23.54207],[-104.28449,23.59803],[-104.3177,23.60663],[-104.34522,23.61846],[-104.3539,23.6209],[-104.35089,23.60956],[-104.31969,23.60185],[-104.31447,23.5968],[-104.31655,23.56662],[-104.30822,23.54134],[-104.27946,23.53309],[-104.26971,23.51287],[-104.27207,23.50777],[-104.29379,23.50037],[-104.3127,23.481],[-104.30678,23.4669],[-104.32197,23.45621],[-104.30528,23.45348],[-104.30578,23.43397],[-104.29698,23.42981],[-104.33952,23.42864],[-104.31797,23.40581],[-104.30409,23.40581],[-104.28475,23.41044],[-104.29041,23.399],[-104.28266,23.38082],[-104.28374,23.35327],[-104.29413,23.33452],[-104.29883,23.32324],[-104.29611,23.31719],[-104.30424,23.31229],[-104.30624,23.30728],[-104.31638,23.30407],[-104.33116,23.3058],[-104.33812,23.2991],[-104.34601,23.26354],[-104.34584,23.25728],[-104.35832,23.24932],[-104.3555,23.2393],[-104.36267,23.23865],[-104.36451,23.22704],[-104.35986,23.22314],[-104.36278,23.20929],[-104.36612,23.20491],[-104.3616,23.20142],[-104.35944,23.18671],[-104.34239,23.16692],[-104.32663,23.15503],[-104.31592,23.15502],[-104.31156,23.14976],[-104.30078,23.14933],[-104.29338,23.15307],[-104.28794,23.16007],[-104.28054,23.16189],[-104.27378,23.17302],[-104.25741,23.1781],[-104.25367,23.16727],[-104.24901,23.16785],[-104.23655,23.15917],[-104.23578,23.15321],[-104.21843,23.1581],[-104.21645,23.15417],[-104.19698,23.16002],[-104.19082,23.15661],[-104.17552,23.16361],[-104.17212,23.1284],[-104.17361,22.98244],[-104.16284,22.9753],[-104.16821,22.96356],[-104.16426,22.94931],[-104.16529,22.94175],[-104.15838,22.94119],[-104.15375,22.93651],[-104.15462,22.92674],[-104.15111,22.92213],[-104.13765,22.91989],[-104.13709,22.9123],[-104.13117,22.90425],[-104.12291,22.90343],[-104.11675,22.90767],[-104.11258,22.90483],[-104.11772,22.89823],[-104.10778,22.88548],[-104.10714,22.85502],[-104.11592,22.85534],[-104.11572,22.84841],[-104.10891,22.84257],[-104.10442,22.83246],[-104.11013,22.82295],[-104.10619,22.8135],[-104.11132,22.81097],[-104.10022,22.80555],[-104.09468,22.80021],[-104.10022,22.79482],[-104.09659,22.78797],[-104.09252,22.78902],[-104.09406,22.7793],[-104.08548,22.77558],[-104.08006,22.76991],[-104.08208,22.7645],[-104.09528,22.75924],[-104.10719,22.7686],[-104.11937,22.76225],[-104.13032,22.76375],[-104.13771,22.76812],[-104.15737,22.75968],[-104.18217,22.75826],[-104.19138,22.77072],[-104.19961,22.77647],[-104.2097,22.77974],[-104.22103,22.77942],[-104.22778,22.77486],[-104.22449,22.77182],[-104.22639,22.76241],[-104.23734,22.74978],[-104.25077,22.748],[-104.25836,22.73892],[-104.26634,22.73654],[-104.26914,22.72086],[-104.26364,22.71769],[-104.27762,22.7024],[-104.27965,22.69586],[-104.27437,22.68492],[-104.27876,22.6717],[-104.28661,22.6681],[-104.28832,22.66352],[-104.28064,22.65432],[-104.28958,22.64877],[-104.26927,22.63582],[-104.27402,22.62682],[-104.28328,22.6217],[-104.27606,22.6157],[-104.27368,22.60639],[-104.26025,22.59521],[-104.2614,22.5862],[-104.27058,22.58895],[-104.27816,22.58307],[-104.27886,22.5766],[-104.28885,22.56094],[-104.28884,22.55296],[-104.30568,22.55789],[-104.31117,22.55401],[-104.31051,22.54453],[-104.32105,22.53551],[-104.31949,22.51766],[-104.31435,22.50709],[-104.30282,22.49201],[-104.29612,22.47299],[-104.29902,22.4617],[-104.31575,22.44718],[-104.31612,22.4413],[-104.3222,22.43525],[-104.32018,22.43009],[-104.32932,22.42828],[-104.33571,22.42029],[-104.34445,22.41757],[-104.34883,22.40971],[-104.3715,22.42166],[-104.44521,22.39308],[-104.45924,22.38684],[-104.49413,22.37625],[-104.49541,22.37261],[-104.48785,22.3689],[-104.49479,22.36271],[-104.48732,22.35319],[-104.49962,22.34618],[-104.50739,22.34603],[-104.51865,22.3606],[-104.53517,22.36422],[-104.53988,22.37173],[-104.54766,22.37629],[-104.55124,22.38886],[-104.55773,22.38606],[-104.55871,22.39344],[-104.57458,22.39476],[-104.5866,22.40627],[-104.58846,22.41265],[-104.59272,22.41183],[-104.59353,22.42476],[-104.59876,22.43201],[-104.59717,22.43675],[-104.6053,22.44519],[-104.60258,22.46051],[-104.63835,22.46342],[-104.65528,22.46215],[-104.65362,22.49812],[-104.65458,22.5234],[-104.65649,22.54131],[-104.66617,22.55537],[-104.66999,22.56526],[-104.68579,22.55778],[-104.70873,22.55462],[-104.71516,22.55595],[-104.71979,22.56904],[-104.72877,22.55874],[-104.73704,22.55809],[-104.76151,22.57008],[-104.76708,22.58085],[-104.77593,22.58512],[-104.77256,22.59189],[-104.77967,22.60302],[-104.77622,22.61006],[-104.77614,22.63047],[-104.77918,22.64293],[-104.78921,22.64794],[-104.80425,22.64874],[-104.80276,22.6424],[-104.81467,22.63425],[-104.81866,22.64046],[-104.83209,22.6414],[-104.84078,22.64658],[-104.84011,22.65113],[-104.85839,22.64832],[-104.86248,22.60707],[-104.96052,22.50531],[-104.9879,22.49872],[-105.00754,22.58567],[-105.07236,22.6565],[-105.06841,22.67841],[-105.05729,22.68809],[-104.89271,22.73741],[-104.91295,22.74557],[-104.91563,22.74853],[-104.9115,22.76973],[-104.91341,22.77529],[-104.9103,22.78202],[-104.91334,22.78893],[-104.90559,22.79981],[-104.91132,22.80319],[-104.90825,22.8076],[-104.91948,22.82062],[-104.93279,22.82731],[-104.93601,22.8265],[-104.9405,22.81616],[-104.95,22.82177],[-104.95896,22.8136],[-104.97827,22.8262],[-104.9815,22.83244],[-104.98964,22.83886],[-104.98746,22.84618],[-104.98743,22.87856],[-104.98894,22.89088],[-104.99504,22.89298],[-105.00567,22.90674],[-104.99985,22.90719],[-105.0097,22.92148],[-105.00993,22.92654],[-105.00418,22.93201],[-105.00487,22.93755],[-104.99688,22.952],[-105.00833,22.96846],[-105.00327,22.97699],[-105.00536,22.98325],[-105.01172,22.98717],[-105.01022,22.99461],[-105.00091,22.99425],[-104.99497,23.00204],[-104.99837,23.01334],[-104.98521,23.01607],[-104.98365,23.01958],[-104.96754,23.03262],[-104.95095,23.03674],[-104.94581,23.0441],[-104.9365,23.04796],[-104.93224,23.0431],[-104.9217,23.04431],[-104.91466,23.05102],[-104.8931,23.06085],[-104.89098,23.06576],[-104.87463,23.06923],[-104.87775,23.07693],[-104.87011,23.07802],[-104.8639,23.08632],[-104.86033,23.08128],[-104.85308,23.08862],[-104.84782,23.08811],[-104.84458,23.09364],[-104.83074,23.09427],[-104.81019,23.1237],[-104.79375,23.13299],[-104.79276,23.13978],[-104.80073,23.14677],[-104.80237,23.15417],[-104.79228,23.1634],[-104.79068,23.17423],[-104.79455,23.18463],[-104.79004,23.19452],[-104.79183,23.20648],[-104.8009,23.21225],[-104.80841,23.21332],[-104.81624,23.22342],[-104.81279,23.23105],[-104.80711,23.23346],[-104.80676,23.23915],[-104.81817,23.25333],[-104.81963,23.2615],[-104.81437,23.2914],[-104.80337,23.29705],[-104.80108,23.30195],[-104.80641,23.32121],[-104.8021,23.32508],[-104.79935,23.33812],[-104.80076,23.34785],[-104.79541,23.35415],[-104.7816,23.3583],[-104.77465,23.3662],[-104.77041,23.38612],[-104.76622,23.39652],[-104.76086,23.39647],[-104.75518,23.40641],[-104.76451,23.4223],[-104.8079,23.37093],[-104.80981,23.3975],[-104.81247,23.48332],[-104.7895,23.48323],[-104.7292,23.48595],[-104.72808,23.50994],[-104.71525,23.5062],[-104.68327,23.48159],[-104.67319,23.47851],[-104.6521,23.49728],[-104.66259,23.50455],[-104.6498,23.51469],[-104.6691,23.53246],[-104.59672,23.57359],[-104.57006,23.55451],[-104.56085,23.5665],[-104.55335,23.58294],[-104.52206,23.63552],[-104.5166,23.62687],[-104.52567,23.60601],[-104.51598,23.60354],[-104.49029,23.60453],[-104.48654,23.61011],[-104.46433,23.60485],[-104.44535,23.60929],[-104.44666,23.61888],[-104.46602,23.62172],[-104.47398,23.61917],[-104.49048,23.61854],[-104.50142,23.63822],[-104.48654,23.63594],[-104.4841,23.64296],[-104.4886,23.65833],[-104.46873,23.6603],[-104.45571,23.65039],[-104.44769,23.65137],[-104.44668,23.64471],[-104.41034,23.66435],[-104.41457,23.67783],[-104.42402,23.68623],[-104.44022,23.69229],[-104.44632,23.68753],[-104.4538,23.68742],[-104.46979,23.68017],[-104.49979,23.70626],[-104.50989,23.70486],[-104.51633,23.69519],[-104.52806,23.70167],[-104.54131,23.70614],[-104.51851,23.72214],[-104.51872,23.72615],[-104.54471,23.73889],[-104.53914,23.76873],[-104.52965,23.76153],[-104.52274,23.76093],[-104.51172,23.75205],[-104.48094,23.74528],[-104.4793,23.75591],[-104.44048,23.75469],[-104.41306,23.75874],[-104.41152,23.76547]]]}},{"type":"Feature","properties":{"kind":"municipality","cve_mun":"10015","name":"Nazas"},"geometry":{"type":"Polygon","coordinates":[[[-103.9776,25.54968],[-103.97321,25.53782],[-103.97106,25.50582],[-103.95227,25.47055],[-103.94935,25.45827],[-103.90498,25.47209],[-103.90229,25.45246],[-103.84829,25.46131],[-103.79302,25.39263],[-103.80934,25.36281],[-103.82268,25.35006],[-103.78903,25.28993],[-103.786,25.27902],[-103.77796,25.27012],[-103.79143,25.27834],[-103.80155,25.27973],[-103.80519,25.27084],[-103.81269,25.27155],[-103.81557,25.25948],[-103.81889,25.25905],[-103.82317,25.27103],[-103.82389,25.26079],[-103.82757,25.26012],[-103.83459,25.26986],[-103.84145,25.27279],[-103.83237,25.25236],[-103.83991,25.23925],[-103.86137,25.19755],[-103.87584,25.19074],[-103.91957,25.13423],[-103.91284,25.11145],[-103.89763,25.09298],[-103.95704,25.05649],[-103.9484,25.04078],[-103.94283,24.98861],[-103.99533,24.98493],[-103.99435,24.96288],[-104.02776,24.96989],[-104.05561,24.95565],[-104.09794,25.05324],[-104.10376,25.0369],[-104.10512,25.02689],[-104.10397,25.01232],[-104.11005,25.00373],[-104.12136,24.99904],[-104.12822,24.99212],[-104.14746,24.98979],[-104.15862,24.99676],[-104.1765,24.99607],[-104.18266,24.99843],[-104.17052,25.04864],[-104.21859,25.05243],[-104.21386,25.02124],[-104.2493,25.00372],[-104.2541,25.01204],[-104.26175,25.01687],[-104.27321,24.99774],[-104.28937,24.99471],[-104.29098,25.01904],[-104.29915,25.02652],[-104.30945,25.02712],[-104.31462,25.01917],[-104.32325,25.01526],[-104.33771,25.01606],[-104.34097,25.0115],[-104.35663,25.02186],[-104.36261,25.05693],[-104.3748,25.07118],[-104.37434,25.11047],[-104.38344,25.13386],[-104.38009,25.13573],[-104.36702,25.1295],[-104.36537,25.1835],[-104.35678,25.18949],[-104.36675,25.19872],[-104.36788,25.25629],[-104.38206,25.25179],[-104.36974,25.25907],[-104.37399,25.2658],[-104.35928,25.26808],[-104.35132,25.27899],[-104.33243,25.27334],[-104.33411,25.26816],[-104.3128,25.26534],[-104.30949,25.26965],[-104.20081,25.30935],[-104.1994,25.31622],[-104.18587,25.32492],[-104.17174,25.31242],[-104.1669,25.31196],[-104.11992,25.32236],[-104.13802,25.36466],[-104.13239,25.36766],[-104.12433,25.36665],[-104.12776,25.3776],[-104.1283,25.39824],[-104.13793,25.41279],[-104.1518,25.42552],[-104.16395,25.42436],[-104.16356,25.44537],[-104.16765,25.44826],[-104.16779,25.459],[-104.16211,25.46739],[-104.1526,25.47097],[-104.14626,25.4699],[-104.13445,25.46064],[-104.13358,25.46781],[-104.12712,25.47122],[-104.13088,25.48481],[-104.12865,25.49043],[-104.1415,25.51116],[-104.16295,25.48272],[-104.17397,25.48975],[-104.18384,25.50912],[-104.19091,25.53133],[-104.19239,25.55294],[-104.1511,25.56137],[-104.15,25.57214],[-104.12305,25.56434],[-104.12581,25.57084],[-104.1139,25.57388],[-104.10631,25.5647],[-104.10014,25.56868],[-104.09293,25.58597],[-104.08181,25.58195],[-104.08137,25.57281],[-104.07517,25.55634],[-104.07061,25.5502],[-104.06212,25.55248],[-104.05237,25.55124],[-104.0496,25.56432],[-104.04347,25.57329],[-104.02953,25.57456],[-104.02698,25.57238],[-104.01746,25.57934],[-104.01613,25.54423],[-103.9802,25.55309],[-103.9776,25.54968]]]}},{"type":"Feature","properties":{"kind":"municipality","cve_mun":"10016","name":"Nombre de Dios"},"geometry":{"type":"Polygon","coordinates":[[[-104.24909,24.03475],[-104.24153,24.03478],[-104.23799,24.02479],[-104.23278,24.02371],[-104.24031,24.01399],[-104.23372,24.00329],[-104.22485,24.00729],[-104.21492,23.99769],[-104.21801,23.98268],[-104.22831,23.98636],[-104.25335,23.98034],[-104.24007,23.97429],[-104.2332,23.93825],[-104.21282,23.93932],[-104.20626,23.94857],[-104.17661,23.95902],[-104.15958,23.9485],[-104.15508,23.96051],[-104.15734,23.9646],[-104.14676,23.96607],[-104.1392,23.96969],[-104.13852,23.96989],[-104.13582,23.96801],[-104.13178,23.95372],[-104.13007,23.94934],[-104.13047,23.94936],[-104.13043,23.9491],[-104.13043,23.94905],[-104.13036,23.94866],[-104.13058,23.94854],[-104.13193,23.94858],[-104.13205,23.94858],[-104.13204,23.9486],[-104.13197,23.94878],[-104.13211,23.94895],[-104.1323,23.94896],[-104.13244,23.94861],[-104.13244,23.9486],[-104.13283,23.94858],[-104.13307,23.94858],[-104.13341,23.94859],[-104.13379,23.94861],[-104.1348,23.94865],[-104.13548,23.94868],[-104.1489,23.94928],[-104.15784,23.94733],[-104.15391,23.93085],[-104.19117,23.92201],[-104.19699,23.91026],[-104.18939,23.90169],[-104.18097,23.90838],[-104.16898,23.90275],[-104.16301,23.91167],[-104.15077,23.90835],[-104.14607,23.89878],[-104.13754,23.89868],[-104.12461,23.90613],[-104.1183,23.90064],[-104.10684,23.87921],[-104.09909,23.87465],[-104.0901,23.88733],[-104.04285,23.88216],[-104.04078,23.87661],[-104.0422,23.86573],[-104.02589,23.86392],[-104.02312,23.85984],[-104.04269,23.86201],[-104.04046,23.85268],[-104.02751,23.84947],[-104.02819,23.84396],[-104.04134,23.84546],[-104.0484,23.84261],[-104.04488,23.8365],[-104.00203,23.83183],[-104.00142,23.83177],[-103.99721,23.83131],[-103.94814,23.82592],[-103.99714,23.78291],[-103.99781,23.7853],[-104.01055,23.77471],[-104.01796,23.77288],[-104.01664,23.76654],[-104.03439,23.7514],[-104.03187,23.74798],[-104.02524,23.7559],[-104.01949,23.74375],[-104.04053,23.74461],[-104.04018,23.74501],[-104.04991,23.74785],[-104.04609,23.73753],[-104.03838,23.73582],[-104.03728,23.73597],[-104.03721,23.73598],[-104.03668,23.73331],[-104.03747,23.73313],[-104.03747,23.73314],[-104.0376,23.73315],[-104.03846,23.73284],[-104.03808,23.72578],[-104.03705,23.72443],[-104.03629,23.71985],[-104.04904,23.71355],[-104.0423,23.7059],[-104.02745,23.71403],[-104.02587,23.70355],[-104.05988,23.68492],[-104.05588,23.67611],[-104.08766,23.65537],[-104.09665,23.65144],[-104.09257,23.64919],[-104.1206,23.62026],[-104.14103,23.62065],[-104.15196,23.61708],[-104.17105,23.61758],[-104.18533,23.61415],[-104.20129,23.62493],[-104.20911,23.62817],[-104.2383,23.63057],[-104.23733,23.63256],[-104.26074,23.63],[-104.27974,23.63082],[-104.28022,23.66033],[-104.2726,23.66873],[-104.2791,23.67922],[-104.27089,23.67972],[-104.27123,23.6909],[-104.26741,23.69662],[-104.27218,23.70535],[-104.26944,23.71145],[-104.27261,23.71573],[-104.28713,23.71844],[-104.28858,23.72387],[-104.2985,23.73421],[-104.29663,23.74288],[-104.29833,23.75038],[-104.30622,23.73965],[-104.33103,23.75223],[-104.35508,23.74485],[-104.35863,23.75089],[-104.38917,23.75084],[-104.41152,23.76547],[-104.40414,23.78979],[-104.41454,23.789],[-104.40766,23.80578],[-104.39952,23.80525],[-104.39377,23.82889],[-104.39129,23.85144],[-104.39552,23.86227],[-104.39239,23.86777],[-104.39965,23.87941],[-104.39825,23.8835],[-104.39972,23.9105],[-104.39018,23.92848],[-104.38962,23.94352],[-104.39644,23.95045],[-104.39333,23.96007],[-104.36805,23.9502],[-104.32392,23.96217],[-104.32709,23.96784],[-104.3242,23.97264],[-104.33266,24.00955],[-104.31953,24.01096],[-104.29541,24.00988],[-104.29976,24.01783],[-104.30502,24.03557],[-104.29871,24.04581],[-104.29003,24.06527],[-104.27648,24.06754],[-104.27081,24.06067],[-104.25736,24.05932],[-104.25454,24.04747],[-104.25693,24.0466],[-104.24909,24.03475]]]}},{"type":"Feature","properties":{"kind":"municipality","cve_mun":"10017","name":"Ocampo"},"geometry":{"type":"Polygon","coordinates":[[[-105.05662,26.4193],[-105.05636,26.41227],[-105.27698,26.20118],[-105.27141,26.19054],[-105.26338,26.18738],[-105.25837,26.17653],[-105.25054,26.16834],[-105.24289,26.16872],[-105.22388,26.14602],[-105.21939,26.13332],[-105.22862,26.13133],[-105.23219,26.12199],[-105.24274,26.11717],[-105.25114,26.11663],[-105.26331,26.10895],[-105.28609,26.10352],[-105.33739,26.0713],[-105.35491,26.07112],[-105.38386,26.11298],[-105.41098,26.15606],[-105.41896,26.15792],[-105.47748,26.23361],[-105.51643,26.23863],[-105.51373,26.25466],[-105.51724,26.27042],[-105.52541,26.28108],[-105.50962,26.29633],[-105.50726,26.30988],[-105.50831,26.32172],[-105.52949,26.32539],[-105.53881,26.33525],[-105.54006,26.34342],[-105.54542,26.35312],[-105.55359,26.35804],[-105.56517,26.37706],[-105.60645,26.34908],[-105.62266,26.35998],[-105.62944,26.37114],[-105.6629,26.35128],[-105.68029,26.40452],[-105.69377,26.40276],[-105.69652,26.40773],[-105.68158,26.42199],[-105.68649,26.42577],[-105.68845,26.46072],[-105.70092,26.46217],[-105.70914,26.4731],[-105.71514,26.47697],[-105.71961,26.49809],[-105.73255,26.50611],[-105.77964,26.50717],[-105.76617,26.51604],[-105.77139,26.5288],[-105.77798,26.52946],[-105.77852,26.53444],[-105.78596,26.5428],[-105.79921,26.54064],[-105.81393,26.53347],[-105.81915,26.52865],[-105.81137,26.51044],[-105.83212,26.50034],[-105.87941,26.4756],[-105.87416,26.47147],[-105.87941,26.46495],[-105.87533,26.45619],[-105.87662,26.45165],[-105.89925,26.42021],[-105.92026,26.42545],[-105.93237,26.42654],[-105.91942,26.40156],[-105.94001,26.42476],[-105.94806,26.45157],[-105.99207,26.42637],[-105.99111,26.40789],[-105.99727,26.38822],[-106.00718,26.37834],[-106.01021,26.37003],[-106.02978,26.36908],[-106.0218,26.36731],[-106.03339,26.3626],[-106.03565,26.3667],[-106.04176,26.36384],[-106.05059,26.36792],[-106.05752,26.37688],[-106.05555,26.38692],[-106.07101,26.38886],[-106.07596,26.39975],[-106.08547,26.39382],[-106.09051,26.40239],[-106.09542,26.39952],[-106.10521,26.40041],[-106.1101,26.40887],[-106.11076,26.41814],[-106.11899,26.41942],[-106.12354,26.41527],[-106.13043,26.42407],[-106.1293,26.4359],[-106.14768,26.45836],[-106.15352,26.46964],[-106.18775,26.46949],[-106.22414,26.47147],[-106.2033,26.47969],[-106.19691,26.5014],[-106.20679,26.5126],[-106.24141,26.49316],[-106.24526,26.50559],[-106.26956,26.52717],[-106.28013,26.53206],[-106.24121,26.54499],[-106.23952,26.56243],[-106.23345,26.5588],[-106.23463,26.56917],[-106.23063,26.5747],[-106.23659,26.58771],[-106.23653,26.61216],[-106.22999,26.61121],[-106.22347,26.62782],[-106.22556,26.63537],[-106.21981,26.63817],[-106.22182,26.64644],[-106.21982,26.65635],[-106.2111,26.66773],[-106.20643,26.66833],[-106.20791,26.67806],[-106.19924,26.68235],[-106.19166,26.67846],[-106.18498,26.68666],[-106.18967,26.69513],[-106.1855,26.6994],[-106.17874,26.69917],[-106.1677,26.70611],[-106.16012,26.70233],[-106.14745,26.70923],[-106.13223,26.69723],[-106.13177,26.71379],[-106.13738,26.7185],[-106.15148,26.72498],[-106.17657,26.72772],[-106.17928,26.73753],[-106.17777,26.74544],[-106.17395,26.74346],[-106.17056,26.74957],[-106.1797,26.76306],[-106.17697,26.77299],[-106.16317,26.77474],[-106.15778,26.77097],[-106.13347,26.77905],[-106.12525,26.77941],[-106.11429,26.76514],[-106.10063,26.75933],[-106.08418,26.78643],[-106.06504,26.82763],[-106.04733,26.84487],[-106.01532,26.81972],[-105.99552,26.80753],[-105.93918,26.76321],[-105.93756,26.76667],[-105.9281,26.76593],[-105.90692,26.75308],[-105.89833,26.76385],[-105.89409,26.74101],[-105.87453,26.73857],[-105.86543,26.74737],[-105.81454,26.69096],[-105.7758,26.66093],[-105.79425,26.69876],[-105.7813,26.70745],[-105.76966,26.70723],[-105.7615,26.71288],[-105.75466,26.71116],[-105.74633,26.71386],[-105.74558,26.70632],[-105.7395,26.70147],[-105.73507,26.69208],[-105.73495,26.68482],[-105.7289,26.69789],[-105.70479,26.6529],[-105.68987,26.65718],[-105.6827,26.65053],[-105.67565,26.63508],[-105.67094,26.63522],[-105.67487,26.61767],[-105.64552,26.61661],[-105.64043,26.61355],[-105.64088,26.61999],[-105.63251,26.61968],[-105.60936,26.61373],[-105.601,26.61484],[-105.61595,26.66818],[-105.61948,26.68351],[-105.59641,26.63792],[-105.54899,26.54657],[-105.49608,26.54285],[-105.49721,26.53055],[-105.4914,26.52055],[-105.47069,26.50865],[-105.46923,26.51932],[-105.47435,26.52648],[-105.46031,26.52929],[-105.44692,26.52721],[-105.43603,26.52775],[-105.42212,26.52144],[-105.40083,26.51784],[-105.39679,26.5218],[-105.38555,26.52257],[-105.38109,26.52959],[-105.37283,26.52966],[-105.36816,26.53399],[-105.35628,26.52472],[-105.34777,26.51174],[-105.34765,26.50451],[-105.3427,26.50451],[-105.35095,26.49789],[-105.35715,26.48561],[-105.35276,26.47887],[-105.33874,26.47805],[-105.33398,26.46935],[-105.31736,26.46249],[-105.31345,26.47147],[-105.30377,26.473],[-105.29845,26.48201],[-105.29132,26.4815],[-105.28792,26.48892],[-105.27507,26.4856],[-105.26945,26.47976],[-105.27071,26.46721],[-105.26467,26.46207],[-105.10154,26.5214],[-105.05662,26.4193]]]}},{"type":"Feature","properties":{"kind":"municipality","cve_mun":"10018","name":"El Oro"},"geometry":{"type":"Polygon","coordinates":[[[-104.7154,25.34319],[-104.71314,25.33878],[-104.71898,25.33115],[-104.70881,25.32692],[-104.70167,25.32768],[-104.70338,25.31677],[-104.7195,25.30451],[-104.71883,25.30223],[-104.73976,25.2869],[-104.75666,25.2925],[-104.74757,25.31225],[-104.78022,25.29439],[-104.79015,25.30022],[-104.79428,25.28668],[-104.81022,25.27796],[-104.80555,25.26743],[-104.87436,25.20877],[-104.87568,25.16191],[-104.88301,25.16733],[-104.8958,25.17193],[-104.89693,25.1786],[-104.90353,25.17931],[-104.90965,25.18447],[-104.91337,25.17851],[-104.91924,25.18198],[-104.91797,25.17278],[-104.92557,25.16615],[-104.92612,25.17695],[-104.93832,25.18392],[-104.94467,25.18436],[-104.94695,25.19087],[-104.95672,25.19869],[-104.96283,25.22039],[-104.97746,25.20638],[-104.99487,25.2182],[-104.99413,25.18845],[-105.00082,25.18974],[-105.00981,25.17977],[-105.01741,25.17761],[-105.02995,25.16879],[-105.04061,25.16544],[-105.04238,25.17692],[-105.0537,25.17867],[-105.06006,25.1847],[-105.09661,25.17255],[-105.10586,25.16358],[-105.12158,25.16469],[-105.13286,25.16114],[-105.13354,25.17146],[-105.13806,25.1775],[-105.14771,25.18236],[-105.13487,25.20132],[-105.13359,25.20916],[-105.12463,25.21036],[-105.13373,25.21317],[-105.1451,25.2806],[-105.15991,25.28979],[-105.18804,25.33001],[-105.19439,25.3491],[-105.20473,25.34731],[-105.21689,25.34852],[-105.22986,25.35877],[-105.24471,25.35964],[-105.25585,25.36777],[-105.257,25.37472],[-105.26374,25.3707],[-105.27449,25.37732],[-105.29353,25.37357],[-105.30603,25.36497],[-105.31939,25.3594],[-105.32948,25.36095],[-105.33296,25.35052],[-105.3278,25.34875],[-105.32825,25.3382],[-105.33341,25.32517],[-105.34835,25.327],[-105.36406,25.33376],[-105.36971,25.35678],[-105.36642,25.36735],[-105.37643,25.38292],[-105.38894,25.39276],[-105.38348,25.39535],[-105.40509,25.41378],[-105.41782,25.40648],[-105.43786,25.391],[-105.49058,25.44354],[-105.47639,25.52622],[-105.4803,25.53367],[-105.50296,25.53754],[-105.51726,25.54583],[-105.51505,25.5488],[-105.50085,25.55386],[-105.5062,25.55924],[-105.50942,25.56992],[-105.51763,25.57769],[-105.52631,25.57851],[-105.53082,25.5823],[-105.54141,25.58076],[-105.56301,25.60806],[-105.56735,25.63047],[-105.57261,25.66524],[-105.54351,25.66722],[-105.55817,25.71404],[-105.56072,25.73086],[-105.55019,25.74246],[-105.53965,25.74555],[-105.53522,25.74233],[-105.52841,25.75154],[-105.51925,25.74251],[-105.505,25.76485],[-105.51037,25.76369],[-105.52011,25.77129],[-105.51592,25.79142],[-105.51127,25.795],[-105.51973,25.80075],[-105.51306,25.81198],[-105.49555,25.81805],[-105.5101,25.83883],[-105.52428,25.8311],[-105.54887,25.85053],[-105.4942,25.90038],[-105.50353,25.92133],[-105.49792,25.92661],[-105.48145,25.93271],[-105.46851,25.94447],[-105.46391,25.94587],[-105.45937,25.94011],[-105.4512,25.93766],[-105.43652,25.97047],[-105.43718,25.98484],[-105.40085,26.02506],[-105.40976,26.03824],[-105.39394,26.03791],[-105.39276,26.04549],[-105.37879,26.0543],[-105.41664,26.09273],[-105.39835,26.10873],[-105.38386,26.11298],[-105.35491,26.07112],[-105.33139,26.02598],[-105.326,26.03866],[-105.3168,26.02469],[-105.32157,26.0189],[-105.30262,25.98495],[-105.32244,25.97589],[-105.31776,25.95095],[-105.30762,25.94117],[-105.3113,25.93879],[-105.31239,25.9257],[-105.31929,25.91715],[-105.32226,25.89267],[-105.29985,25.89813],[-105.30119,25.87166],[-105.29445,25.86917],[-105.27299,25.83473],[-105.27411,25.83215],[-105.25966,25.83242],[-105.23697,25.8287],[-105.22864,25.80688],[-105.22924,25.78967],[-105.24573,25.76576],[-105.22543,25.74476],[-105.2214,25.7318],[-105.22875,25.72536],[-105.22042,25.72347],[-105.21471,25.71059],[-105.22226,25.70116],[-105.21292,25.69372],[-105.20449,25.69529],[-105.18986,25.70737],[-105.17279,25.70091],[-105.16505,25.69463],[-105.1594,25.69584],[-105.14964,25.69214],[-105.13153,25.71465],[-105.12005,25.72599],[-105.11429,25.74058],[-105.11106,25.74364],[-105.10153,25.7244],[-105.08144,25.71619],[-105.06736,25.6983],[-105.07158,25.69317],[-105.09252,25.68025],[-105.07758,25.65441],[-105.082,25.62354],[-105.07292,25.60665],[-105.06673,25.58078],[-105.06873,25.57937],[-105.04258,25.54525],[-105.06027,25.53432],[-105.05746,25.52752],[-105.06309,25.51391],[-105.05947,25.50529],[-105.05437,25.5083],[-105.0438,25.50496],[-105.00849,25.46584],[-104.98892,25.44594],[-104.9615,25.47055],[-104.95753,25.47731],[-104.95737,25.49463],[-104.93034,25.49599],[-104.93093,25.47158],[-104.91242,25.46591],[-104.91423,25.44862],[-104.90955,25.43791],[-104.90542,25.45401],[-104.89375,25.44125],[-104.8836,25.45028],[-104.87614,25.44992],[-104.86946,25.44499],[-104.85162,25.44147],[-104.84234,25.43637],[-104.8398,25.43059],[-104.82997,25.42905],[-104.83313,25.41915],[-104.82583,25.41788],[-104.82154,25.42371],[-104.81466,25.42281],[-104.80829,25.40319],[-104.79462,25.39736],[-104.79624,25.3888],[-104.78873,25.38487],[-104.78021,25.39054],[-104.76907,25.38622],[-104.76872,25.37599],[-104.75821,25.37262],[-104.75592,25.36614],[-104.75093,25.36784],[-104.741,25.3612],[-104.7373,25.36336],[-104.72683,25.35828],[-104.72459,25.34984],[-104.7154,25.34319]]]}},{"type":"Feature","properties":{"kind":"municipality","cve_mun":"10019","name":"Otáez"},"geometry":{"type":"Polygon","coordinates":[[[-105.68626,24.60006],[-105.70812,24.59125],[-105.70612,24.55405],[-105.73633,24.55579],[-105.73902,24.58925],[-105.80819,24.58121],[-105.8438,24.5797],[-105.84866,24.57529],[-105.84685,24.56979],[-105.85115,24.55998],[-105.85934,24.56009],[-105.8745,24.55012],[-105.88063,24.55407],[-105.89492,24.54323],[-105.90316,24.54994],[-105.90864,24.54637],[-105.91889,24.55197],[-105.93465,24.55339],[-105.941,24.55005],[-105.94895,24.55229],[-105.9582,24.54984],[-105.96309,24.5588],[-105.97801,24.55547],[-105.98752,24.56169],[-105.98971,24.55646],[-105.99772,24.55633],[-105.9864,24.54965],[-105.98234,24.5205],[-105.98671,24.50448],[-106.0005,24.4984],[-106.01773,24.50415],[-106.01607,24.50689],[-106.03871,24.53911],[-106.06582,24.52713],[-106.09208,24.52406],[-106.09926,24.53111],[-106.11666,24.53255],[-106.13003,24.52956],[-106.1435,24.5388],[-106.15206,24.5367],[-106.15817,24.54925],[-106.16633,24.55345],[-106.1669,24.56104],[-106.17673,24.56002],[-106.1684,24.58105],[-106.20068,24.60427],[-106.19699,24.6098],[-106.2018,24.64262],[-106.22716,24.68125],[-106.15057,24.73374],[-106.22271,24.73753],[-106.22149,24.74169],[-106.2206,24.74472],[-106.2202,24.74608],[-106.2202,24.7461],[-106.22016,24.74621],[-106.21978,24.74753],[-106.21976,24.74757],[-106.20328,24.80387],[-106.13479,24.79261],[-106.09309,24.81253],[-106.05689,24.80449],[-106.05236,24.82377],[-106.0438,24.82279],[-106.03661,24.81543],[-106.02346,24.81515],[-106.01972,24.81262],[-106.01508,24.81826],[-106.0067,24.81552],[-106.00647,24.82618],[-105.98975,24.83218],[-105.98642,24.83639],[-105.98853,24.84318],[-105.98079,24.84237],[-105.98584,24.85243],[-105.98034,24.85895],[-105.98057,24.86871],[-105.97647,24.87392],[-105.98034,24.87907],[-105.98199,24.89272],[-105.97611,24.89301],[-105.9725,24.89966],[-105.95335,24.90687],[-105.94486,24.91447],[-105.94485,24.91443],[-105.94484,24.91442],[-105.94484,24.91442],[-105.9448,24.91429],[-105.94445,24.91323],[-105.94442,24.91316],[-105.94448,24.91294],[-105.94491,24.91131],[-105.94491,24.9113],[-105.94278,24.91116],[-105.93286,24.91701],[-105.92753,24.91364],[-105.92567,24.91927],[-105.91631,24.92264],[-105.90251,24.91847],[-105.8866,24.8822],[-105.72903,24.83019],[-105.72937,24.8448],[-105.70888,24.83639],[-105.70845,24.79304],[-105.6778,24.79295],[-105.64829,24.79459],[-105.6455,24.75338],[-105.63427,24.75302],[-105.6461,24.72709],[-105.6613,24.69728],[-105.66878,24.67946],[-105.66804,24.67157],[-105.67495,24.66871],[-105.67859,24.65629],[-105.68324,24.65081],[-105.70238,24.64973],[-105.69655,24.6398],[-105.70878,24.63777],[-105.7169,24.63903],[-105.70281,24.62277],[-105.68626,24.60006]]]}},{"type":"Feature","properties":{"kind":"municipality","cve_mun":"10020","name":"Pánuco de Coronado"},"geometry":{"type":"Polygon","coordinates":[[[-104.26695,24.58571],[-104.22573,24.55797],[-104.22389,24.54162],[-104.23296,24.53487],[-104.25488,24.53368],[-104.25435,24.52364],[-104.21813,24.52467],[-104.21216,24.52308],[-104.20486,24.51249],[-104.2108,24.50944],[-104.20408,24.49278],[-104.19974,24.48849],[-104.18577,24.48335],[-104.17936,24.473],[-104.17701,24.46457],[-104.17426,24.46761],[-104.16995,24.45277],[-104.17804,24.44839],[-104.18307,24.45554],[-104.19446,24.44717],[-104.17627,24.43416],[-104.19085,24.42035],[-104.19989,24.4154],[-104.19971,24.40776],[-104.20744,24.38807],[-104.20242,24.38527],[-104.18426,24.3925],[-104.17742,24.37878],[-104.18709,24.37619],[-104.18507,24.3721],[-104.17076,24.3764],[-104.16741,24.36985],[-104.25419,24.34863],[-104.26162,24.29857],[-104.26308,24.2881],[-104.29834,24.30915],[-104.30711,24.28641],[-104.31816,24.29557],[-104.32173,24.30455],[-104.33269,24.32036],[-104.33377,24.33126],[-104.34896,24.34061],[-104.34705,24.34972],[-104.36034,24.36436],[-104.34989,24.37278],[-104.35701,24.37668],[-104.38128,24.35811],[-104.3892,24.36346],[-104.39337,24.3609],[-104.41681,24.37792],[-104.44379,24.36121],[-104.44613,24.36688],[-104.4321,24.3787],[-104.43395,24.38186],[-104.45435,24.3748],[-104.46086,24.37007],[-104.46899,24.37532],[-104.47459,24.36887],[-104.48203,24.37199],[-104.47873,24.3625],[-104.49928,24.35448],[-104.49769,24.34945],[-104.52662,24.34163],[-104.53521,24.34436],[-104.52775,24.36282],[-104.54401,24.35933],[-104.54762,24.36279],[-104.56443,24.36617],[-104.54097,24.39089],[-104.52616,24.38277],[-104.48821,24.41466],[-104.50927,24.42767],[-104.50475,24.42906],[-104.48799,24.42523],[-104.48165,24.4377],[-104.47986,24.43341],[-104.46819,24.42452],[-104.47172,24.42002],[-104.45967,24.41563],[-104.44785,24.4298],[-104.44626,24.43775],[-104.4545,24.43989],[-104.51003,24.4506],[-104.51799,24.45033],[-104.51776,24.47095],[-104.53049,24.48046],[-104.52069,24.48192],[-104.52431,24.49317],[-104.5231,24.50345],[-104.50695,24.50837],[-104.51773,24.55477],[-104.52695,24.54338],[-104.53789,24.53806],[-104.56769,24.57123],[-104.50086,24.56254],[-104.49435,24.55882],[-104.48728,24.5698],[-104.46558,24.56467],[-104.45522,24.55933],[-104.45081,24.56677],[-104.46706,24.58504],[-104.45901,24.58633],[-104.45956,24.61357],[-104.44624,24.61006],[-104.43667,24.61866],[-104.44187,24.63342],[-104.43944,24.63263],[-104.43233,24.64951],[-104.42227,24.64604],[-104.41263,24.64681],[-104.40544,24.64398],[-104.39365,24.64868],[-104.37683,24.65143],[-104.37376,24.65928],[-104.39842,24.66151],[-104.40726,24.68255],[-104.41004,24.69304],[-104.41823,24.70549],[-104.41275,24.70925],[-104.4024,24.71097],[-104.38072,24.70561],[-104.38315,24.70918],[-104.3587,24.70599],[-104.35845,24.70146],[-104.34261,24.69765],[-104.34314,24.7059],[-104.33671,24.72453],[-104.32241,24.72455],[-104.25062,24.71526],[-104.25313,24.69084],[-104.31626,24.69657],[-104.30848,24.67597],[-104.26844,24.58077],[-104.26695,24.58571]]]}},{"type":"Feature","properties":{"kind":"municipality","cve_mun":"10021","name":"Peñón Blanco"},"geometry":{"type":"Polygon","coordinates":[[[-103.99435,24.96288],[-103.98111,24.96336],[-103.99721,24.91896],[-103.98099,24.88138],[-103.95932,24.84789],[-103.94426,24.81068],[-103.90202,24.80426],[-103.90066,24.80204],[-103.86634,24.83626],[-103.86747,24.84149],[-103.85424,24.84123],[-103.82164,24.83078],[-103.82888,24.82191],[-103.84562,24.8219],[-103.83553,24.80642],[-103.83108,24.79384],[-103.82354,24.79607],[-103.83282,24.77095],[-103.79711,24.76857],[-103.79951,24.73392],[-103.81799,24.7382],[-103.8148,24.72963],[-103.82734,24.72646],[-103.82771,24.72239],[-103.83781,24.71423],[-103.8434,24.71702],[-103.84453,24.70849],[-103.84195,24.69665],[-103.85382,24.68857],[-103.85777,24.68186],[-103.83714,24.66003],[-103.84403,24.65477],[-103.8382,24.64923],[-103.88383,24.61384],[-103.89146,24.62188],[-103.89512,24.61886],[-103.88745,24.61056],[-103.9113,24.59156],[-103.91211,24.5855],[-103.91666,24.59045],[-103.92399,24.5847],[-103.92863,24.57704],[-103.93332,24.57868],[-103.94582,24.56337],[-103.95935,24.55209],[-103.94086,24.51585],[-103.97209,24.50247],[-103.96995,24.49847],[-103.97536,24.49408],[-103.99535,24.48433],[-104.01065,24.51278],[-104.01533,24.52996],[-104.02051,24.55883],[-104.02312,24.55954],[-104.03649,24.61221],[-104.03528,24.62908],[-104.02754,24.63293],[-104.03592,24.642],[-104.02582,24.65047],[-104.03952,24.6694],[-104.04613,24.67155],[-104.04763,24.68114],[-104.06481,24.62911],[-104.10327,24.65238],[-104.12816,24.68352],[-104.18219,24.67999],[-104.26392,24.63164],[-104.21566,24.5914],[-104.26695,24.58571],[-104.26844,24.58077],[-104.30848,24.67597],[-104.31626,24.69657],[-104.25313,24.69084],[-104.25062,24.71526],[-104.32241,24.72455],[-104.31907,24.75965],[-104.27642,24.76966],[-104.2577,24.77589],[-104.25263,24.7886],[-104.25863,24.80297],[-104.26408,24.80867],[-104.26683,24.82333],[-104.27497,24.83285],[-104.27206,24.84421],[-104.27472,24.84891],[-104.27101,24.86245],[-104.27529,24.8649],[-104.26574,24.87963],[-104.26152,24.89481],[-104.25367,24.90174],[-104.25553,24.90749],[-104.27087,24.91116],[-104.30291,24.88771],[-104.31102,24.88629],[-104.30615,24.97057],[-104.31503,24.99113],[-104.29098,25.01904],[-104.28937,24.99471],[-104.27321,24.99774],[-104.26175,25.01687],[-104.2541,25.01204],[-104.2493,25.00372],[-104.21386,25.02124],[-104.21859,25.05243],[-104.17052,25.04864],[-104.18266,24.99843],[-104.1765,24.99607],[-104.15862,24.99676],[-104.14746,24.98979],[-104.12822,24.99212],[-104.12136,24.99904],[-104.11005,25.00373],[-104.10397,25.01232],[-104.10512,25.02689],[-104.10376,25.0369],[-104.09794,25.05324],[-104.05561,24.95565],[-104.02776,24.96989],[-103.99435,24.96288]]]}},{"type":"Feature","properties":{"kind":"municipality","cve_mun":"10022","name":"Poanas"},"geometry":{"type":"Polygon","coordinates":[[[-103.94523,24.11772],[-103.93431,24.11103],[-103.96454,24.09271],[-103.95304,24.05441],[-103.94796,24.04856],[-103.94363,24.05255],[-103.94094,24.04055],[-103.93246,24.04396],[-103.92782,24.03599],[-103.91708,24.02597],[-103.90411,24.03368],[-103.90578,24.03934],[-103.91112,24.04014],[-103.91292,24.04781],[-103.90169,24.05255],[-103.8986,24.04307],[-103.86838,24.03875],[-103.86185,24.07614],[-103.86668,24.07939],[-103.86142,24.0861],[-103.88749,24.10061],[-103.89143,24.0951],[-103.90528,24.10385],[-103.88436,24.12786],[-103.86001,24.1135],[-103.8406,24.10018],[-103.81902,24.08695],[-103.80586,24.06417],[-103.8075,24.06281],[-103.81027,24.04009],[-103.81327,24.02197],[-103.83222,24.02398],[-103.84312,24.02696],[-103.84782,24.00323],[-103.87238,24.00702],[-103.85027,23.98883],[-103.83754,23.96408],[-103.83394,23.96964],[-103.81835,23.9649],[-103.82326,23.95134],[-103.83079,23.90779],[-103.8531,23.87461],[-103.84774,23.86097],[-103.8827,23.84717],[-103.90411,23.83419],[-103.90546,23.81974],[-103.94814,23.82592],[-103.99721,23.83131],[-104.00065,23.83168],[-104.00142,23.83177],[-104.04488,23.8365],[-104.0484,23.84261],[-104.04134,23.84546],[-104.02819,23.84396],[-104.02751,23.84947],[-104.04046,23.85268],[-104.04269,23.86201],[-104.02312,23.85984],[-104.02589,23.86392],[-104.0422,23.86573],[-104.04078,23.87661],[-104.04285,23.88216],[-104.0901,23.88733],[-104.09909,23.87465],[-104.10684,23.87921],[-104.1183,23.90064],[-104.12461,23.90613],[-104.13754,23.89868],[-104.14607,23.89878],[-104.15077,23.90835],[-104.16301,23.91167],[-104.16898,23.90275],[-104.18097,23.90838],[-104.18939,23.90169],[-104.19699,23.91026],[-104.19117,23.92201],[-104.15391,23.93085],[-104.15784,23.94733],[-104.1489,23.94928],[-104.13548,23.94868],[-104.13529,23.94867],[-104.1348,23.94865],[-104.13379,23.94861],[-104.13353,23.94859],[-104.13341,23.94859],[-104.13307,23.94858],[-104.13297,23.94858],[-104.13283,23.94858],[-104.13244,23.9486],[-104.13244,23.94861],[-104.13244,23.94861],[-104.1323,23.94896],[-104.13228,23.94896],[-104.13211,23.94895],[-104.13197,23.94878],[-104.13204,23.94861],[-104.13204,23.9486],[-104.13204,23.94859],[-104.13205,23.94858],[-104.13193,23.94858],[-104.13193,23.94858],[-104.13058,23.94854],[-104.13036,23.94866],[-104.13042,23.94904],[-104.13043,23.94905],[-104.13043,23.94908],[-104.13043,23.9491],[-104.13044,23.94913],[-104.13047,23.94936],[-104.13008,23.94934],[-104.13007,23.94934],[-104.13031,23.94997],[-104.13178,23.95372],[-104.13582,23.96801],[-104.13852,23.96989],[-104.13918,23.9697],[-104.1392,23.96969],[-104.13944,23.96958],[-104.14676,23.96607],[-104.15734,23.9646],[-104.15508,23.96051],[-104.15958,23.9485],[-104.17661,23.95902],[-104.20626,23.94857],[-104.21282,23.93932],[-104.2332,23.93825],[-104.24007,23.97429],[-104.25335,23.98034],[-104.22831,23.98636],[-104.21801,23.98268],[-104.21492,23.99769],[-104.22485,24.00729],[-104.23372,24.00329],[-104.24031,24.01399],[-104.23278,24.02371],[-104.23799,24.02479],[-104.24153,24.03478],[-104.24909,24.03475],[-104.24321,24.0357],[-104.23107,24.04499],[-104.21437,24.06105],[-104.20258,24.07478],[-104.18512,24.0818],[-104.17522,24.07999],[-104.16923,24.09005],[-104.14668,24.10606],[-104.11153,24.10963],[-104.10199,24.1203],[-104.10368,24.13128],[-104.12204,24.14464],[-104.12708,24.13914],[-104.13923,24.14529],[-104.13443,24.16148],[-104.15352,24.16723],[-104.1342,24.18827],[-104.13954,24.19803],[-104.15345,24.21366],[-104.14614,24.21456],[-104.1391,24.22087],[-104.12532,24.22213],[-104.11863,24.22578],[-104.12074,24.23596],[-104.12614,24.2419],[-104.12042,24.25006],[-104.11287,24.24937],[-104.08988,24.22168],[-104.07783,24.21567],[-104.05281,24.19995],[-104.05255,24.18128],[-104.04778,24.16983],[-104.0413,24.16969],[-104.02843,24.15436],[-104.01139,24.15777],[-103.94523,24.11772]]]}},{"type":"Feature","properties":{"kind":"municipality","cve_mun":"10023","name":"Pueblo Nuevo"},"geometry":{"type":"Polygon","coordinates":[[[-105.27505,23.84719],[-105.27437,23.8474],[-105.27437,23.8474],[-105.2738,23.84661],[-105.26784,23.84136],[-105.26822,23.83646],[-105.24932,23.82616],[-105.25971,23.80235],[-105.2588,23.79275],[-105.24605,23.76536],[-105.23579,23.7583],[-105.27328,23.6906],[-105.27592,23.68873],[-105.2657,23.61767],[-105.27598,23.62155],[-105.27985,23.61682],[-105.26221,23.60413],[-105.2612,23.59595],[-105.26524,23.5907],[-105.26576,23.57809],[-105.27448,23.57559],[-105.2772,23.56811],[-105.27326,23.55875],[-105.25732,23.56183],[-105.24364,23.55163],[-105.23697,23.56434],[-105.23877,23.57134],[-105.22086,23.5768],[-105.21293,23.57709],[-105.21282,23.58191],[-105.20385,23.57928],[-105.20346,23.5735],[-105.19263,23.56882],[-105.19705,23.55406],[-105.18925,23.55202],[-105.18633,23.54334],[-105.17355,23.53963],[-105.16854,23.53214],[-105.16165,23.5321],[-105.14137,23.54633],[-105.1407,23.56947],[-105.10408,23.55136],[-105.06196,23.53146],[-105.00031,23.50155],[-104.97831,23.51353],[-104.90127,23.53891],[-104.85009,23.54735],[-104.86124,23.49694],[-104.83887,23.48202],[-104.823,23.47993],[-104.83196,23.40497],[-104.80981,23.3975],[-104.8079,23.37093],[-104.76451,23.4223],[-104.75518,23.40641],[-104.76086,23.39647],[-104.76622,23.39652],[-104.77041,23.38612],[-104.77465,23.3662],[-104.7816,23.3583],[-104.79541,23.35415],[-104.80076,23.34785],[-104.79935,23.33812],[-104.8021,23.32508],[-104.80641,23.32121],[-104.80108,23.30195],[-104.80337,23.29705],[-104.81437,23.2914],[-104.81963,23.2615],[-104.81817,23.25333],[-104.80676,23.23915],[-104.80711,23.23346],[-104.81279,23.23105],[-104.81624,23.22342],[-104.80841,23.21332],[-104.8009,23.21225],[-104.79183,23.20648],[-104.79004,23.19452],[-104.79455,23.18463],[-104.79068,23.17423],[-104.79228,23.1634],[-104.80237,23.15417],[-104.80073,23.14677],[-104.79276,23.13978],[-104.79375,23.13299],[-104.81019,23.1237],[-104.83074,23.09427],[-104.84458,23.09364],[-104.84782,23.08811],[-104.85308,23.08862],[-104.86033,23.08128],[-104.8639,23.08632],[-104.87011,23.07802],[-104.87775,23.07693],[-104.87463,23.06923],[-104.89098,23.06576],[-104.8931,23.06085],[-104.91466,23.05102],[-104.9217,23.04431],[-104.93224,23.0431],[-104.9365,23.04796],[-104.94581,23.0441],[-104.95095,23.03674],[-104.96754,23.03262],[-104.98365,23.01958],[-104.98521,23.01607],[-104.99837,23.01334],[-104.99497,23.00204],[-105.00091,22.99425],[-105.01022,22.99461],[-105.01172,22.98717],[-105.00536,22.98325],[-105.00327,22.97699],[-105.01382,22.97767],[-105.07601,22.95964],[-105.16356,22.95387],[-105.25408,22.95627],[-105.29769,22.95416],[-105.32356,22.94133],[-105.32833,22.94298],[-105.33384,22.95611],[-105.33332,22.96208],[-105.3425,22.97041],[-105.33687,22.97168],[-105.34004,22.982],[-105.33457,22.99341],[-105.34314,23.01234],[-105.35374,23.01943],[-105.35079,23.03563],[-105.35813,23.04679],[-105.35069,23.05185],[-105.35046,23.06057],[-105.35768,23.06297],[-105.35831,23.07392],[-105.37792,23.07776],[-105.3847,23.08448],[-105.39132,23.08347],[-105.39925,23.08927],[-105.39879,23.10221],[-105.40793,23.10295],[-105.41588,23.11689],[-105.42442,23.12029],[-105.43407,23.12046],[-105.44036,23.11669],[-105.44755,23.11968],[-105.45531,23.11733],[-105.50197,23.12801],[-105.50777,23.12506],[-105.51915,23.12436],[-105.53121,23.11806],[-105.53706,23.10454],[-105.54756,23.10329],[-105.55506,23.09899],[-105.56933,23.11005],[-105.57537,23.10496],[-105.57518,23.11018],[-105.58424,23.11286],[-105.59763,23.10915],[-105.60376,23.11292],[-105.60695,23.12179],[-105.62352,23.12233],[-105.62994,23.13088],[-105.64525,23.14369],[-105.6458,23.1515],[-105.63687,23.15591],[-105.639,23.16691],[-105.63375,23.17101],[-105.63415,23.17645],[-105.64071,23.18545],[-105.63433,23.18977],[-105.63522,23.19692],[-105.6297,23.20229],[-105.63567,23.21405],[-105.62952,23.22017],[-105.63031,23.23558],[-105.64072,23.23747],[-105.63917,23.24501],[-105.64609,23.25177],[-105.64774,23.26031],[-105.64278,23.26597],[-105.64286,23.27543],[-105.66273,23.28677],[-105.67264,23.28163],[-105.67817,23.28601],[-105.6848,23.28574],[-105.69381,23.3003],[-105.6914,23.30528],[-105.69936,23.30754],[-105.69232,23.31097],[-105.69456,23.32157],[-105.70077,23.32424],[-105.70218,23.33188],[-105.69405,23.34015],[-105.70395,23.34048],[-105.70516,23.34873],[-105.71399,23.34961],[-105.71224,23.36428],[-105.72994,23.37401],[-105.71728,23.38003],[-105.72279,23.38479],[-105.718,23.39192],[-105.71174,23.39349],[-105.70968,23.40908],[-105.70399,23.41126],[-105.70031,23.41968],[-105.70457,23.42484],[-105.72091,23.42634],[-105.72956,23.43032],[-105.72803,23.43889],[-105.73838,23.44463],[-105.73868,23.44795],[-105.73041,23.45269],[-105.72454,23.4614],[-105.72805,23.46681],[-105.72344,23.47484],[-105.72979,23.48232],[-105.73935,23.48534],[-105.74862,23.49367],[-105.75103,23.50027],[-105.7604,23.5032],[-105.75662,23.51554],[-105.75679,23.52447],[-105.76037,23.5351],[-105.76911,23.54194],[-105.76755,23.55154],[-105.7729,23.56099],[-105.78562,23.56916],[-105.78432,23.57324],[-105.7949,23.58005],[-105.79088,23.58638],[-105.79456,23.59918],[-105.79102,23.60784],[-105.79683,23.62207],[-105.79606,23.63178],[-105.78986,23.63738],[-105.79681,23.64613],[-105.77665,23.65665],[-105.75911,23.6614],[-105.73789,23.67835],[-105.73142,23.70432],[-105.73147,23.72091],[-105.72755,23.73472],[-105.73013,23.75377],[-105.73941,23.76232],[-105.73385,23.78195],[-105.71252,23.79294],[-105.70672,23.78457],[-105.70302,23.78802],[-105.70843,23.80153],[-105.7021,23.82914],[-105.6919,23.90421],[-105.69353,23.91197],[-105.57222,23.96768],[-105.47233,23.92647],[-105.47591,23.91204],[-105.44972,23.91605],[-105.4313,23.90682],[-105.38046,23.85951],[-105.37323,23.86177],[-105.32236,23.86373],[-105.32226,23.87608],[-105.31653,23.8766],[-105.3125,23.86846],[-105.28993,23.87507],[-105.28881,23.85798],[-105.28177,23.85031],[-105.27505,23.84719]]]}},{"type":"Feature","properties":{"kind":"municipality","cve_mun":"10024","name":"Rodeo"},"geometry":{"type":"Polygon","coordinates":[[[-104.54736,25.39516],[-104.49678,25.36575],[-104.41522,25.30983],[-104.40238,25.31457],[-104.37399,25.2658],[-104.36974,25.25907],[-104.38206,25.25179],[-104.36788,25.25629],[-104.36675,25.19872],[-104.35678,25.18949],[-104.36537,25.1835],[-104.36702,25.1295],[-104.38009,25.13573],[-104.38344,25.13386],[-104.37434,25.11047],[-104.3748,25.07118],[-104.36261,25.05693],[-104.35663,25.02186],[-104.36824,25.01935],[-104.39135,25.0182],[-104.39883,25.01461],[-104.39668,25.02614],[-104.40571,25.02794],[-104.40854,25.01747],[-104.41334,25.01517],[-104.41658,25.02076],[-104.42682,25.02507],[-104.43372,25.02134],[-104.44523,25.0202],[-104.45322,25.02686],[-104.47328,25.02707],[-104.4719,25.02109],[-104.47584,25.01461],[-104.47216,25.00233],[-104.49289,24.99152],[-104.5014,24.99014],[-104.4994,24.98383],[-104.52637,24.97701],[-104.59157,24.95723],[-104.5955,24.96562],[-104.62716,24.99591],[-104.62036,25.02819],[-104.61984,25.05877],[-104.62491,25.09059],[-104.6508,25.12872],[-104.68038,25.11388],[-104.68705,25.11584],[-104.68067,25.1207],[-104.68312,25.13077],[-104.69143,25.13804],[-104.69875,25.13114],[-104.71539,25.12966],[-104.74092,25.14879],[-104.77429,25.12716],[-104.7697,25.15107],[-104.78526,25.15046],[-104.77146,25.18004],[-104.82511,25.21697],[-104.82114,25.22745],[-104.79827,25.27363],[-104.80555,25.26743],[-104.81022,25.27796],[-104.79428,25.28668],[-104.79015,25.30022],[-104.78022,25.29439],[-104.74757,25.31225],[-104.75666,25.2925],[-104.73976,25.2869],[-104.71883,25.30223],[-104.7195,25.30451],[-104.70338,25.31677],[-104.70167,25.32768],[-104.70881,25.32692],[-104.71898,25.33115],[-104.71314,25.33878],[-104.7154,25.34319],[-104.70971,25.36166],[-104.67439,25.34037],[-104.66775,25.35958],[-104.6594,25.37029],[-104.64385,25.36118],[-104.63231,25.37739],[-104.62536,25.395],[-104.64237,25.39882],[-104.62223,25.42644],[-104.61238,25.42819],[-104.54736,25.39516]]]}},{"type":"Feature","properties":{"kind":"municipality","cve_mun":"10025","name":"San Bernardo"},"geometry":{"type":"Polygon","coordinates":[[[-105.38386,26.11298],[-105.39835,26.10873],[-105.41664,26.09273],[-105.37879,26.0543],[-105.39276,26.04549],[-105.39394,26.03791],[-105.40976,26.03824],[-105.40085,26.02506],[-105.43718,25.98484],[-105.43652,25.97047],[-105.4512,25.93766],[-105.45937,25.94011],[-105.46391,25.94587],[-105.46851,25.94447],[-105.48145,25.93271],[-105.49792,25.92661],[-105.50353,25.92133],[-105.51065,25.91878],[-105.52552,25.92485],[-105.5311,25.9222],[-105.53396,25.92606],[-105.5645,25.92207],[-105.56155,25.90833],[-105.556,25.90295],[-105.58192,25.90514],[-105.58481,25.89824],[-105.55167,25.87684],[-105.58894,25.84046],[-105.65286,25.9006],[-105.62815,25.82509],[-105.64729,25.83289],[-105.6862,25.8686],[-105.69768,25.86896],[-105.7015,25.86317],[-105.70938,25.89862],[-105.70844,25.91875],[-105.72246,25.94344],[-105.72162,25.98812],[-105.72377,25.99296],[-105.70643,25.99892],[-105.68067,25.98872],[-105.67449,25.9983],[-105.67575,26.00998],[-105.66849,26.01262],[-105.67957,26.03739],[-105.67089,26.03584],[-105.68015,26.05308],[-105.69059,26.05129],[-105.69103,26.05474],[-105.72724,26.00715],[-105.72346,26.00507],[-105.75265,26.00123],[-105.76709,26.01328],[-105.77394,26.02532],[-105.7737,26.07437],[-105.81871,26.11535],[-105.86703,26.14972],[-105.89181,26.14607],[-105.8837,26.13298],[-105.89256,26.13479],[-105.89564,26.14789],[-105.90246,26.15965],[-105.91005,26.15765],[-105.91687,26.16014],[-105.92515,26.1755],[-105.92105,26.18415],[-105.92594,26.18842],[-105.926,26.19453],[-105.94743,26.19122],[-105.95358,26.20285],[-105.94904,26.2078],[-105.93306,26.21518],[-105.92265,26.21328],[-105.92466,26.21716],[-105.91779,26.22418],[-105.91589,26.23634],[-105.90232,26.2403],[-105.918,26.2632],[-105.95632,26.27448],[-105.95382,26.28265],[-105.93534,26.27797],[-105.94231,26.2863],[-105.94257,26.29427],[-105.93789,26.31005],[-105.94146,26.32062],[-105.93473,26.32292],[-105.93102,26.32895],[-105.92902,26.34287],[-105.95173,26.36685],[-105.94396,26.37263],[-105.94492,26.37949],[-105.92917,26.37857],[-105.90768,26.35757],[-105.89627,26.37294],[-105.87947,26.39859],[-105.8823,26.40797],[-105.87662,26.45165],[-105.87533,26.45619],[-105.87941,26.46495],[-105.87416,26.47147],[-105.87941,26.4756],[-105.83212,26.50034],[-105.81137,26.51044],[-105.81915,26.52865],[-105.81393,26.53347],[-105.79921,26.54064],[-105.78596,26.5428],[-105.77852,26.53444],[-105.77798,26.52946],[-105.77139,26.5288],[-105.76617,26.51604],[-105.77964,26.50717],[-105.73255,26.50611],[-105.71961,26.49809],[-105.71514,26.47697],[-105.70914,26.4731],[-105.70092,26.46217],[-105.68845,26.46072],[-105.68649,26.42577],[-105.68158,26.42199],[-105.69652,26.40773],[-105.69377,26.40276],[-105.68029,26.40452],[-105.6629,26.35128],[-105.62944,26.37114],[-105.62266,26.35998],[-105.60645,26.34908],[-105.56517,26.37706],[-105.55359,26.35804],[-105.54542,26.35312],[-105.54006,26.34342],[-105.53881,26.33525],[-105.52949,26.32539],[-105.50831,26.32172],[-105.50726,26.30988],[-105.50962,26.29633],[-105.52541,26.28108],[-105.51724,26.27042],[-105.51373,26.25466],[-105.51643,26.23863],[-105.47748,26.23361],[-105.41896,26.15792],[-105.41098,26.15606],[-105.38386,26.11298]]]}},{"type":"Feature","properties":{"kind":"municipality","cve_mun":"10026","name":"San Dimas"},"geometry":{"type":"Polygon","coordinates":[[[-105.40749,24.37819],[-105.4073,24.37821],[-105.40725,24.37821],[-105.40724,24.37821],[-105.40639,24.37809],[-105.40638,24.37809],[-105.40634,24.37808],[-105.40564,24.37716],[-105.40564,24.37716],[-105.40527,24.37666],[-105.40466,24.3761],[-105.40446,24.37584],[-105.40378,24.37502],[-105.40298,24.37415],[-105.40291,24.37408],[-105.4028,24.37403],[-105.40253,24.37391],[-105.3943,24.37686],[-105.37731,24.35983],[-105.36889,24.35979],[-105.36752,24.34284],[-105.35479,24.33227],[-105.3469,24.34087],[-105.34244,24.34092],[-105.2522,24.30941],[-105.24714,24.30346],[-105.23144,24.29887],[-105.2329,24.28936],[-105.24556,24.23069],[-105.25335,24.2318],[-105.27518,24.22052],[-105.30767,24.21356],[-105.30784,24.20856],[-105.33683,24.22135],[-105.35795,24.21826],[-105.35694,24.21014],[-105.37357,24.217],[-105.39168,24.19566],[-105.40106,24.20462],[-105.43713,24.1794],[-105.41224,24.18489],[-105.42276,24.16515],[-105.42385,24.15889],[-105.43274,24.15898],[-105.44525,24.14574],[-105.46034,24.14702],[-105.4623,24.14039],[-105.47627,24.13229],[-105.47479,24.12648],[-105.48133,24.11867],[-105.48482,24.10993],[-105.48883,24.08604],[-105.49179,24.07763],[-105.49712,24.07898],[-105.49972,24.07197],[-105.50852,24.07032],[-105.51617,24.07316],[-105.52724,24.06078],[-105.53304,24.06097],[-105.54236,24.05081],[-105.54409,24.04484],[-105.55519,24.03812],[-105.55479,24.03003],[-105.56784,24.03355],[-105.57246,24.02811],[-105.56996,24.00931],[-105.57222,23.96768],[-105.69353,23.91197],[-105.6919,23.90421],[-105.7021,23.82914],[-105.70843,23.80153],[-105.70302,23.78802],[-105.70672,23.78457],[-105.71252,23.79294],[-105.73385,23.78195],[-105.73941,23.76232],[-105.73013,23.75377],[-105.72755,23.73472],[-105.73147,23.72091],[-105.73142,23.70432],[-105.73789,23.67835],[-105.75911,23.6614],[-105.77665,23.65665],[-105.79681,23.64613],[-105.78986,23.63738],[-105.79606,23.63178],[-105.79683,23.62207],[-105.79102,23.60784],[-105.79456,23.59918],[-105.79088,23.58638],[-105.7949,23.58005],[-105.80734,23.59063],[-105.81163,23.61102],[-105.84551,23.60325],[-105.84518,23.58369],[-105.85359,23.59728],[-105.88431,23.59039],[-105.89265,23.55264],[-105.9089,23.58827],[-105.92072,23.65583],[-105.92662,23.68413],[-105.91655,23.71535],[-105.9159,23.72642],[-105.90608,23.7394],[-105.92305,23.74775],[-105.91974,23.7578],[-105.92936,23.76657],[-105.92493,23.77381],[-105.93217,23.79469],[-105.93932,23.79143],[-105.96126,23.84074],[-105.95365,23.90858],[-105.88519,23.87957],[-105.86723,23.87524],[-105.86285,23.87827],[-105.86326,23.88944],[-105.85842,23.89336],[-105.85851,23.90174],[-105.86354,23.90425],[-105.86388,23.91282],[-105.86833,23.91864],[-105.87898,23.92606],[-105.88154,23.93282],[-105.89991,23.94392],[-105.94541,23.94802],[-105.90845,23.98342],[-105.91461,23.99951],[-105.92403,23.99801],[-105.93762,24.00499],[-105.94233,24.01431],[-105.96036,24.01788],[-105.95936,24.023],[-105.96625,24.03125],[-105.97303,24.03273],[-105.97981,24.04203],[-105.98323,24.03888],[-106.00006,24.04652],[-105.99698,24.05463],[-106.00759,24.0731],[-106.00099,24.07556],[-106.00269,24.08316],[-105.994,24.09356],[-105.99063,24.10168],[-105.98971,24.11439],[-105.99664,24.11445],[-106.00411,24.12149],[-106.0032,24.14684],[-106.01204,24.16123],[-106.01806,24.16427],[-106.02099,24.17205],[-106.02857,24.18104],[-106.02684,24.18593],[-106.03397,24.19189],[-106.03783,24.20588],[-106.04462,24.21349],[-106.04387,24.22085],[-106.06994,24.2202],[-106.07129,24.24957],[-106.07453,24.26942],[-106.0869,24.27769],[-106.08887,24.28441],[-106.15253,24.33877],[-106.1546,24.34216],[-106.16055,24.37142],[-106.17125,24.4473],[-106.1882,24.46362],[-106.20589,24.4781],[-106.18035,24.48844],[-106.1735,24.48875],[-106.18256,24.49903],[-106.17673,24.51338],[-106.14273,24.52572],[-106.15206,24.5367],[-106.1435,24.5388],[-106.13003,24.52956],[-106.11666,24.53255],[-106.09926,24.53111],[-106.09208,24.52406],[-106.06582,24.52713],[-106.03871,24.53911],[-106.01607,24.50689],[-106.01773,24.50415],[-106.0005,24.4984],[-105.98671,24.50448],[-105.98234,24.5205],[-105.9864,24.54965],[-105.99772,24.55633],[-105.98971,24.55646],[-105.98752,24.56169],[-105.97801,24.55547],[-105.96309,24.5588],[-105.9582,24.54984],[-105.94895,24.55229],[-105.941,24.55005],[-105.93465,24.55339],[-105.91889,24.55197],[-105.90864,24.54637],[-105.90316,24.54994],[-105.89492,24.54323],[-105.88063,24.55407],[-105.8745,24.55012],[-105.85934,24.56009],[-105.85115,24.55998],[-105.84685,24.56979],[-105.84866,24.57529],[-105.8438,24.5797],[-105.80819,24.58121],[-105.73902,24.58925],[-105.73633,24.55579],[-105.70612,24.55405],[-105.70812,24.59125],[-105.68626,24.60006],[-105.67337,24.60525],[-105.64259,24.63543],[-105.63505,24.61609],[-105.60929,24.61868],[-105.60548,24.62902],[-105.59424,24.63293],[-105.57782,24.62839],[-105.5696,24.6191],[-105.56278,24.61674],[-105.56013,24.62315],[-105.55045,24.62007],[-105.54082,24.62801],[-105.52686,24.61894],[-105.52376,24.62425],[-105.49365,24.61942],[-105.47351,24.64822],[-105.4662,24.64846],[-105.46369,24.64353],[-105.45248,24.64154],[-105.41015,24.62015],[-105.42824,24.63744],[-105.41308,24.63475],[-105.35318,24.67499],[-105.35065,24.67743],[-105.35022,24.65451],[-105.33562,24.64975],[-105.33885,24.63657],[-105.34581,24.6404],[-105.34761,24.63072],[-105.35548,24.62519],[-105.36059,24.61122],[-105.3691,24.6079],[-105.37557,24.59404],[-105.37777,24.58449],[-105.38313,24.57624],[-105.39266,24.57321],[-105.40573,24.57405],[-105.38259,24.54037],[-105.38402,24.53193],[-105.41958,24.53007],[-105.45306,24.52975],[-105.48605,24.53233],[-105.50073,24.52952],[-105.48662,24.52548],[-105.45165,24.50377],[-105.44629,24.47364],[-105.43501,24.46853],[-105.42328,24.45885],[-105.41631,24.45637],[-105.42177,24.45224],[-105.41535,24.44439],[-105.42048,24.43625],[-105.42532,24.40927],[-105.42925,24.40308],[-105.43404,24.40338],[-105.44183,24.39653],[-105.45024,24.38505],[-105.46395,24.38154],[-105.46488,24.37641],[-105.45048,24.36765],[-105.44474,24.36711],[-105.42384,24.37587],[-105.40749,24.37819]]]}},{"type":"Feature","properties":{"kind":"municipality","cve_mun":"10027","name":"San Juan de Guadalupe"},"geometry":{"type":"Polygon","coordinates":[[[-102.88357,24.75103],[-102.88706,24.74854],[-102.88072,24.74385],[-102.89217,24.73574],[-102.93038,24.71272],[-102.9792,24.71419],[-102.98131,24.7073],[-102.97826,24.70084],[-102.98311,24.69517],[-102.99396,24.70496],[-102.98462,24.71435],[-103.04129,24.69472],[-103.0563,24.68524],[-103.03847,24.65406],[-103.04507,24.65717],[-103.02842,24.63061],[-103.01774,24.6211],[-103.0187,24.61674],[-102.95994,24.56961],[-102.9481,24.55909],[-102.95372,24.53657],[-102.93419,24.50847],[-102.90431,24.48186],[-102.89455,24.47962],[-102.8802,24.47273],[-102.88179,24.46465],[-102.89147,24.46084],[-102.87637,24.449],[-102.8749,24.45096],[-102.86061,24.43449],[-102.865,24.43031],[-102.85857,24.42292],[-102.85388,24.42436],[-102.84589,24.39808],[-102.83404,24.3901],[-102.83173,24.38469],[-102.81241,24.38949],[-102.78884,24.40624],[-102.78107,24.40273],[-102.77901,24.39552],[-102.76444,24.38702],[-102.76268,24.38152],[-102.75159,24.37582],[-102.738,24.37745],[-102.72202,24.37536],[-102.7088,24.37783],[-102.70398,24.37413],[-102.6792,24.37995],[-102.66235,24.38157],[-102.65966,24.3859],[-102.64469,24.3914],[-102.62887,24.39317],[-102.61473,24.39798],[-102.60729,24.4054],[-102.60658,24.41116],[-102.5658,24.4088],[-102.53392,24.40772],[-102.52669,24.41622],[-102.52278,24.41524],[-102.52014,24.42393],[-102.50085,24.42478],[-102.47971,24.42855],[-102.47312,24.44521],[-102.48699,24.44422],[-102.4798,24.49044],[-102.49463,24.61255],[-102.51217,24.70972],[-102.51543,24.71948],[-102.54917,24.82993],[-102.56536,24.86635],[-102.56623,24.90222],[-102.67305,24.94275],[-102.67298,24.97881],[-102.64295,24.97864],[-102.63382,24.99955],[-102.63553,25.00417],[-102.62888,25.00832],[-102.64299,25.02781],[-102.64914,25.02776],[-102.65344,25.04068],[-102.65219,25.04478],[-102.66969,25.06663],[-102.85312,24.772],[-102.85639,24.73977],[-102.86973,24.74208],[-102.87545,24.74904],[-102.88357,24.75103]]]}},{"type":"Feature","properties":{"kind":"municipality","cve_mun":"10028","name":"San Juan del Río"},"geometry":{"type":"Polygon","coordinates":[[[-104.35663,25.02186],[-104.34097,25.0115],[-104.33771,25.01606],[-104.32325,25.01526],[-104.31462,25.01917],[-104.30945,25.02712],[-104.29915,25.02652],[-104.29098,25.01904],[-104.31503,24.99113],[-104.30615,24.97057],[-104.31102,24.88629],[-104.30291,24.88771],[-104.27087,24.91116],[-104.25553,24.90749],[-104.25367,24.90174],[-104.26152,24.89481],[-104.26574,24.87963],[-104.27529,24.8649],[-104.27101,24.86245],[-104.27472,24.84891],[-104.27206,24.84421],[-104.27497,24.83285],[-104.26683,24.82333],[-104.26408,24.80867],[-104.25863,24.80297],[-104.25263,24.7886],[-104.2577,24.77589],[-104.27642,24.76966],[-104.31907,24.75965],[-104.32241,24.72455],[-104.33671,24.72453],[-104.34314,24.7059],[-104.34261,24.69765],[-104.35845,24.70146],[-104.3587,24.70599],[-104.38315,24.70918],[-104.38072,24.70561],[-104.4024,24.71097],[-104.41275,24.70925],[-104.41823,24.70549],[-104.41004,24.69304],[-104.40726,24.68255],[-104.39842,24.66151],[-104.37376,24.65928],[-104.37683,24.65143],[-104.39365,24.64868],[-104.40544,24.64398],[-104.41263,24.64681],[-104.42227,24.64604],[-104.43233,24.64951],[-104.43944,24.63263],[-104.44187,24.63342],[-104.43667,24.61866],[-104.44624,24.61006],[-104.45956,24.61357],[-104.45901,24.58633],[-104.46706,24.58504],[-104.45081,24.56677],[-104.45522,24.55933],[-104.46558,24.56467],[-104.48728,24.5698],[-104.49435,24.55882],[-104.50086,24.56254],[-104.56769,24.57123],[-104.57901,24.57135],[-104.58411,24.57769],[-104.58043,24.59505],[-104.58412,24.6024],[-104.58287,24.63564],[-104.56651,24.67137],[-104.55535,24.67452],[-104.57132,24.67494],[-104.58599,24.66989],[-104.60449,24.67003],[-104.63625,24.67348],[-104.69849,24.69684],[-104.70649,24.74352],[-104.70272,24.75599],[-104.68209,24.74758],[-104.67319,24.74847],[-104.66553,24.79233],[-104.65767,24.79009],[-104.6449,24.79152],[-104.64352,24.78612],[-104.6364,24.78665],[-104.63322,24.79274],[-104.63332,24.82145],[-104.6303,24.8278],[-104.63615,24.83086],[-104.63366,24.84787],[-104.6241,24.84832],[-104.61527,24.85683],[-104.62125,24.86351],[-104.63353,24.86096],[-104.64033,24.85583],[-104.64365,24.8621],[-104.62902,24.87264],[-104.612,24.90648],[-104.56271,24.93321],[-104.59157,24.95723],[-104.52637,24.97701],[-104.4994,24.98383],[-104.5014,24.99014],[-104.49289,24.99152],[-104.47216,25.00233],[-104.47584,25.01461],[-104.4719,25.02109],[-104.47328,25.02707],[-104.45322,25.02686],[-104.44523,25.0202],[-104.43372,25.02134],[-104.42682,25.02507],[-104.41658,25.02076],[-104.41334,25.01517],[-104.40854,25.01747],[-104.40571,25.02794],[-104.39668,25.02614],[-104.39883,25.01461],[-104.39135,25.0182],[-104.36824,25.01935],[-104.35663,25.02186]]]}},{"type":"Feature","properties":{"kind":"municipality","cve_mun":"10033","name":"Súchil"},"geometry":{"type":"Polygon","coordinates":[[[-104.17212,23.1284],[-104.17552,23.16361],[-104.19082,23.15661],[-104.19698,23.16002],[-104.21645,23.15417],[-104.21843,23.1581],[-104.23578,23.15321],[-104.23655,23.15917],[-104.24901,23.16785],[-104.25367,23.16727],[-104.25741,23.1781],[-104.27378,23.17302],[-104.28054,23.16189],[-104.28794,23.16007],[-104.29338,23.15307],[-104.30078,23.14933],[-104.31156,23.14976],[-104.31592,23.15502],[-104.32663,23.15503],[-104.34239,23.16692],[-104.35944,23.18671],[-104.3616,23.20142],[-104.36612,23.20491],[-104.36278,23.20929],[-104.35986,23.22314],[-104.36451,23.22704],[-104.36267,23.23865],[-104.3555,23.2393],[-104.35832,23.24932],[-104.34584,23.25728],[-104.34601,23.26354],[-104.33812,23.2991],[-104.33116,23.3058],[-104.31638,23.30407],[-104.30624,23.30728],[-104.30424,23.31229],[-104.29611,23.31719],[-104.29883,23.32324],[-104.29413,23.33452],[-104.28374,23.35327],[-104.28266,23.38082],[-104.29041,23.399],[-104.28475,23.41044],[-104.30409,23.40581],[-104.31797,23.40581],[-104.33952,23.42864],[-104.29698,23.42981],[-104.30578,23.43397],[-104.30528,23.45348],[-104.32197,23.45621],[-104.30678,23.4669],[-104.3127,23.481],[-104.29379,23.50037],[-104.27207,23.50777],[-104.26971,23.51287],[-104.27946,23.53309],[-104.30822,23.54134],[-104.31655,23.56662],[-104.31447,23.5968],[-104.31969,23.60185],[-104.35089,23.60956],[-104.3539,23.6209],[-104.34522,23.61846],[-104.3177,23.60663],[-104.28449,23.59803],[-104.279,23.54207],[-104.2756,23.54549],[-104.2726,23.56351],[-104.26266,23.58519],[-104.24485,23.61717],[-104.2383,23.63057],[-104.20911,23.62817],[-104.20129,23.62493],[-104.18533,23.61415],[-104.17105,23.61758],[-104.15196,23.61708],[-104.14103,23.62065],[-104.1206,23.62026],[-104.13859,23.60167],[-104.10665,23.60957],[-104.09393,23.60581],[-104.07743,23.60742],[-104.07664,23.62702],[-104.04375,23.64872],[-104.03976,23.64611],[-104.03201,23.63178],[-104.03196,23.62608],[-104.0213,23.62226],[-104.01902,23.61546],[-104.02855,23.60009],[-104.03499,23.59303],[-104.02419,23.59236],[-104.01858,23.59482],[-103.99935,23.61131],[-104.00123,23.6651],[-103.98926,23.65523],[-103.98501,23.65436],[-103.9656,23.66932],[-103.90251,23.6844],[-103.84102,23.70126],[-103.84441,23.68527],[-103.85107,23.6796],[-103.78509,23.67656],[-103.79353,23.63085],[-103.81129,23.61365],[-103.81915,23.61666],[-103.84917,23.64008],[-103.87742,23.62897],[-103.87344,23.62046],[-103.8778,23.6187],[-103.88251,23.59227],[-103.899,23.60397],[-103.90686,23.60187],[-103.90484,23.5971],[-103.89268,23.58488],[-103.89054,23.57973],[-103.91192,23.57608],[-103.91227,23.58812],[-103.92196,23.58837],[-103.91626,23.56572],[-103.93088,23.55264],[-103.9426,23.54718],[-103.95029,23.53851],[-103.95671,23.53845],[-103.96276,23.52989],[-103.98294,23.52202],[-103.99019,23.51559],[-103.99643,23.51467],[-104.00386,23.50784],[-104.02423,23.49451],[-104.06512,23.46353],[-104.06492,23.46075],[-104.08095,23.42134],[-104.08626,23.39862],[-104.09943,23.37858],[-104.10116,23.36673],[-104.10676,23.35513],[-104.11121,23.3512],[-104.11518,23.3285],[-104.11285,23.32556],[-104.11516,23.31417],[-104.11371,23.30777],[-104.11997,23.28822],[-104.12231,23.25516],[-104.12601,23.2253],[-104.12901,23.18221],[-104.17212,23.1284]]]}},{"type":"Feature","properties":{"kind":"municipality","cve_mun":"10034","name":"Tamazula"},"geometry":{"type":"Polygon","coordinates":[[[-106.65282,25.55884],[-106.65264,25.54931],[-106.64548,25.53166],[-106.64734,25.51679],[-106.6426,25.51183],[-106.64829,25.49764],[-106.65968,25.49297],[-106.66306,25.48382],[-106.6682,25.48102],[-106.66937,25.47171],[-106.67523,25.46806],[-106.67664,25.46008],[-106.69001,25.44434],[-106.67875,25.43521],[-106.68077,25.42985],[-106.6767,25.42533],[-106.67866,25.41576],[-106.67512,25.41132],[-106.67989,25.40659],[-106.67487,25.39953],[-106.74057,25.38618],[-106.78304,25.40963],[-106.8132,25.3887],[-106.86968,25.33615],[-106.86573,25.32404],[-106.85403,25.31837],[-106.86858,25.32004],[-106.87566,25.32665],[-106.88338,25.32765],[-106.89217,25.32267],[-106.90512,25.31963],[-106.90648,25.30883],[-106.89841,25.29797],[-106.90146,25.2916],[-106.91151,25.28986],[-106.92446,25.28412],[-106.93335,25.28702],[-106.9414,25.28114],[-106.95476,25.28207],[-106.94478,25.25755],[-106.89046,25.22493],[-106.88337,25.21004],[-106.87644,25.20764],[-106.86856,25.2],[-106.85744,25.19665],[-106.8563,25.18956],[-106.84269,25.18252],[-106.85175,25.18012],[-106.85754,25.16181],[-106.85314,25.14849],[-106.86218,25.14561],[-106.8652,25.14091],[-106.874,25.14627],[-106.87974,25.13727],[-106.88936,25.13374],[-106.877,25.10908],[-106.86529,25.09312],[-106.85136,25.09947],[-106.83194,25.10057],[-106.76243,25.13249],[-106.75408,25.13475],[-106.71078,25.111],[-106.67987,25.09403],[-106.68422,25.08459],[-106.68773,25.06436],[-106.65942,25.06587],[-106.66418,25.05581],[-106.66692,25.03998],[-106.66091,25.02714],[-106.67797,25.0231],[-106.6834,25.01214],[-106.6625,24.96073],[-106.63744,24.94761],[-106.61179,24.9503],[-106.5888,24.92978],[-106.58254,24.92049],[-106.58511,24.91422],[-106.58009,24.91044],[-106.58272,24.90227],[-106.58121,24.89553],[-106.5694,24.88709],[-106.57057,24.88019],[-106.56579,24.85694],[-106.55404,24.85652],[-106.55004,24.84707],[-106.54264,24.84669],[-106.53517,24.84177],[-106.54652,24.83397],[-106.54953,24.82629],[-106.53976,24.82721],[-106.52991,24.83551],[-106.52906,24.84129],[-106.52051,24.83676],[-106.51128,24.82597],[-106.50143,24.82084],[-106.50178,24.81666],[-106.49328,24.81248],[-106.49534,24.80638],[-106.49109,24.80342],[-106.49122,24.79645],[-106.48576,24.79308],[-106.48983,24.78967],[-106.49175,24.7806],[-106.49708,24.77641],[-106.49504,24.76711],[-106.50219,24.76714],[-106.50239,24.75363],[-106.50961,24.75316],[-106.50627,24.74452],[-106.51251,24.74116],[-106.50984,24.73703],[-106.51487,24.72833],[-106.51759,24.71525],[-106.52666,24.70737],[-106.49649,24.71515],[-106.48576,24.73856],[-106.43221,24.77042],[-106.41839,24.78289],[-106.39521,24.74927],[-106.38425,24.75312],[-106.37959,24.74488],[-106.3712,24.74934],[-106.35511,24.74724],[-106.34754,24.74949],[-106.34206,24.74676],[-106.32679,24.74871],[-106.30582,24.74407],[-106.29659,24.75028],[-106.29926,24.76027],[-106.2959,24.76794],[-106.28164,24.77147],[-106.27099,24.76188],[-106.26559,24.76093],[-106.25787,24.75366],[-106.25101,24.75215],[-106.22655,24.75199],[-106.2206,24.74472],[-106.22149,24.74169],[-106.22183,24.74052],[-106.22271,24.73753],[-106.15057,24.73374],[-106.22716,24.68125],[-106.2018,24.64262],[-106.19699,24.6098],[-106.20068,24.60427],[-106.1684,24.58105],[-106.17673,24.56002],[-106.1669,24.56104],[-106.16633,24.55345],[-106.15817,24.54925],[-106.15206,24.5367],[-106.14273,24.52572],[-106.17673,24.51338],[-106.18256,24.49903],[-106.1735,24.48875],[-106.18035,24.48844],[-106.20589,24.4781],[-106.1882,24.46362],[-106.17125,24.4473],[-106.16055,24.37142],[-106.1546,24.34216],[-106.15253,24.33877],[-106.16997,24.33365],[-106.1944,24.35178],[-106.26886,24.37475],[-106.32784,24.36106],[-106.33632,24.35569],[-106.34614,24.34493],[-106.35261,24.31646],[-106.363,24.30417],[-106.37453,24.29981],[-106.40312,24.29309],[-106.42946,24.28507],[-106.46965,24.27785],[-106.50909,24.29114],[-106.51708,24.28698],[-106.52798,24.29512],[-106.53323,24.30267],[-106.53408,24.30954],[-106.58595,24.379],[-106.58346,24.39027],[-106.59528,24.40947],[-106.60158,24.41456],[-106.56927,24.43702],[-106.56831,24.4531],[-106.56283,24.45878],[-106.55944,24.46964],[-106.57865,24.48222],[-106.58006,24.48724],[-106.59403,24.49423],[-106.59895,24.49109],[-106.60035,24.48321],[-106.60999,24.49785],[-106.62477,24.50023],[-106.63006,24.5065],[-106.6226,24.52489],[-106.63223,24.52999],[-106.64545,24.52898],[-106.6836,24.59853],[-106.68904,24.62375],[-106.70594,24.66526],[-106.71512,24.67208],[-106.78424,24.74145],[-106.793,24.74391],[-106.79612,24.75336],[-106.86101,24.81835],[-106.86781,24.82416],[-106.90294,24.82838],[-106.91927,24.81395],[-106.93065,24.82091],[-106.93816,24.83469],[-106.94648,24.83975],[-106.94313,24.84305],[-106.94638,24.8585],[-106.95141,24.85902],[-106.92707,24.86662],[-106.9345,24.88053],[-106.94627,24.88895],[-106.951,24.88799],[-106.97324,24.90961],[-107.00057,24.92824],[-107.02104,24.9099],[-107.02514,24.92838],[-107.01833,24.93361],[-107.05727,24.99869],[-107.06669,25.02213],[-107.06739,25.03015],[-107.12988,25.05313],[-107.12491,25.18664],[-107.12925,25.18944],[-107.14877,25.22454],[-107.13538,25.22534],[-107.13167,25.2322],[-107.12124,25.24262],[-107.1454,25.25784],[-107.15838,25.26298],[-107.20781,25.33156],[-107.17154,25.32635],[-107.21012,25.4171],[-107.18486,25.43681],[-107.16472,25.43964],[-107.15579,25.44687],[-107.15678,25.45545],[-107.1531,25.46047],[-107.1512,25.47628],[-107.13901,25.49166],[-107.13981,25.49662],[-107.14767,25.50502],[-107.16628,25.50299],[-107.17763,25.5144],[-107.17624,25.52194],[-107.172,25.52384],[-107.17616,25.5444],[-107.17387,25.55655],[-107.17006,25.55954],[-107.13874,25.56009],[-107.13845,25.55239],[-107.12484,25.55039],[-107.12118,25.55629],[-107.10998,25.56055],[-107.03415,25.59632],[-106.97328,25.62957],[-106.99431,25.66223],[-106.92238,25.64608],[-106.9068,25.64662],[-106.89921,25.64374],[-106.87375,25.57186],[-106.81782,25.57339],[-106.74479,25.58516],[-106.70254,25.5812],[-106.70575,25.59735],[-106.69884,25.58084],[-106.68196,25.57916],[-106.70796,25.60245],[-106.68563,25.58973],[-106.68182,25.5905],[-106.67704,25.57644],[-106.67141,25.56742],[-106.65973,25.56469],[-106.65282,25.55884]]]}},{"type":"Feature","properties":{"kind":"municipality","cve_mun":"10035","name":"Tepehuanes"},"geometry":{"type":"Polygon","coordinates":[[[-105.56301,25.60806],[-105.54141,25.58076],[-105.53082,25.5823],[-105.52631,25.57851],[-105.51763,25.57769],[-105.50942,25.56992],[-105.5062,25.55924],[-105.50085,25.55386],[-105.51505,25.5488],[-105.51726,25.54583],[-105.50296,25.53754],[-105.4803,25.53367],[-105.47639,25.52622],[-105.49058,25.44354],[-105.43786,25.391],[-105.4608,25.37327],[-105.46926,25.37541],[-105.49071,25.38432],[-105.54246,25.44554],[-105.55728,25.33367],[-105.53833,25.29106],[-105.54482,25.27542],[-105.55698,25.2791],[-105.56773,25.27701],[-105.59027,25.26667],[-105.59829,25.25838],[-105.59593,25.25071],[-105.58826,25.24945],[-105.58034,25.24089],[-105.57985,25.23272],[-105.57053,25.22175],[-105.56899,25.21316],[-105.56112,25.20268],[-105.55336,25.1984],[-105.56033,25.189],[-105.6296,25.16902],[-105.66716,25.20848],[-105.68263,25.22346],[-105.7526,25.23172],[-105.81076,25.23382],[-105.78338,25.22437],[-105.78271,25.22151],[-105.79858,25.18381],[-105.78964,25.172],[-105.77835,25.09475],[-105.8647,25.02559],[-105.89226,25.10593],[-105.98174,25.09886],[-106.03176,25.10004],[-106.12303,25.09865],[-106.12306,25.10176],[-106.17385,25.10127],[-106.16165,25.11982],[-106.16801,25.13344],[-106.19131,25.13699],[-106.19223,25.14186],[-106.19859,25.14183],[-106.19868,25.11143],[-106.22524,25.09099],[-106.24604,25.10269],[-106.25801,25.12965],[-106.25573,25.13378],[-106.27248,25.17029],[-106.21951,25.1909],[-106.21452,25.19157],[-106.22728,25.20252],[-106.22259,25.20698],[-106.25318,25.20542],[-106.25721,25.21908],[-106.21366,25.21922],[-106.20262,25.20239],[-106.19388,25.20762],[-106.19393,25.22624],[-106.1815,25.22627],[-106.17214,25.25048],[-106.18081,25.25614],[-106.17613,25.26423],[-106.18081,25.26693],[-106.18463,25.28513],[-106.1928,25.28369],[-106.19324,25.29007],[-106.20132,25.29032],[-106.20299,25.30005],[-106.21254,25.30144],[-106.21381,25.31574],[-106.22444,25.31418],[-106.26171,25.31648],[-106.28262,25.31364],[-106.28918,25.30854],[-106.29272,25.29982],[-106.30452,25.30349],[-106.31125,25.30002],[-106.31716,25.30339],[-106.32569,25.29576],[-106.33169,25.30078],[-106.33945,25.29883],[-106.3411,25.30306],[-106.35202,25.30295],[-106.35382,25.29737],[-106.36706,25.29851],[-106.38412,25.30669],[-106.39669,25.32243],[-106.42574,25.32804],[-106.43632,25.33239],[-106.44088,25.34999],[-106.45377,25.35755],[-106.45644,25.36145],[-106.47298,25.3672],[-106.48155,25.36756],[-106.49612,25.37446],[-106.50161,25.37296],[-106.51642,25.37981],[-106.52622,25.39043],[-106.53678,25.38819],[-106.5457,25.39685],[-106.56015,25.38373],[-106.57364,25.39122],[-106.57579,25.39889],[-106.58372,25.39794],[-106.59416,25.4018],[-106.61729,25.398],[-106.62368,25.40061],[-106.63808,25.39441],[-106.64514,25.39836],[-106.66479,25.39797],[-106.66708,25.40135],[-106.67487,25.39953],[-106.67989,25.40659],[-106.67512,25.41132],[-106.67866,25.41576],[-106.6767,25.42533],[-106.68077,25.42985],[-106.67875,25.43521],[-106.69001,25.44434],[-106.67664,25.46008],[-106.67523,25.46806],[-106.66937,25.47171],[-106.6682,25.48102],[-106.66306,25.48382],[-106.65968,25.49297],[-106.64829,25.49764],[-106.6426,25.51183],[-106.64734,25.51679],[-106.64548,25.53166],[-106.65264,25.54931],[-106.65282,25.55884],[-106.65747,25.57019],[-106.65366,25.57792],[-106.6429,25.58518],[-106.6298,25.58743],[-106.62925,25.60379],[-106.62324,25.60703],[-106.62072,25.61603],[-106.60441,25.63453],[-106.58867,25.64788],[-106.56788,25.65965],[-106.56598,25.66616],[-106.54744,25.67095],[-106.53553,25.67683],[-106.5284,25.69065],[-106.52101,25.6949],[-106.50788,25.70808],[-106.48706,25.71564],[-106.46361,25.72904],[-106.46403,25.74171],[-106.3445,25.79577],[-106.24342,25.74384],[-106.20377,25.82244],[-106.18776,25.78583],[-106.17175,25.78937],[-106.16671,25.78673],[-106.16717,25.77145],[-106.1597,25.76374],[-106.14183,25.75525],[-106.11172,25.75451],[-106.10884,25.73663],[-106.10613,25.73179],[-106.09345,25.72183],[-106.08427,25.72203],[-106.0751,25.71843],[-106.06315,25.72674],[-106.05594,25.71984],[-106.04944,25.71807],[-106.04343,25.72648],[-106.03657,25.7287],[-106.03534,25.73386],[-106.02919,25.73276],[-106.00217,25.73651],[-105.99697,25.74074],[-105.98949,25.7378],[-105.98553,25.74196],[-105.97615,25.74096],[-105.97158,25.73311],[-105.96216,25.72737],[-105.96204,25.73236],[-105.95197,25.72725],[-105.94493,25.73058],[-105.937,25.72451],[-105.93682,25.71946],[-105.92693,25.7159],[-105.92757,25.7231],[-105.91706,25.72676],[-105.90999,25.72529],[-105.91059,25.71923],[-105.90408,25.71529],[-105.89916,25.71915],[-105.8554,25.7069],[-105.82538,25.69172],[-105.79629,25.67354],[-105.77497,25.69358],[-105.76906,25.68506],[-105.75451,25.67585],[-105.74776,25.66744],[-105.74509,25.65604],[-105.74765,25.64556],[-105.74557,25.63854],[-105.74466,25.61418],[-105.73293,25.60426],[-105.72602,25.60244],[-105.72266,25.59551],[-105.71169,25.59004],[-105.70847,25.57364],[-105.70311,25.57676],[-105.68913,25.56888],[-105.67857,25.57171],[-105.6763,25.56006],[-105.6405,25.57637],[-105.63231,25.56087],[-105.58917,25.58856],[-105.56301,25.60806]]]}},{"type":"Feature","properties":{"kind":"municipality","cve_mun":"10029","name":"San Luis del Cordero"},"geometry":{"type":"Polygon","coordinates":[[[-104.37399,25.2658],[-104.40238,25.31457],[-104.41522,25.30983],[-104.49678,25.36575],[-104.54736,25.39516],[-104.52574,25.40802],[-104.52312,25.40346],[-104.50588,25.40704],[-104.49351,25.41292],[-104.46448,25.41271],[-104.46165,25.39998],[-104.44716,25.39952],[-104.43289,25.41806],[-104.4351,25.42062],[-104.42384,25.44117],[-104.44057,25.46107],[-104.41327,25.48031],[-104.39232,25.47848],[-104.39128,25.48286],[-104.38321,25.4826],[-104.37226,25.48742],[-104.36655,25.48224],[-104.36621,25.47545],[-104.3711,25.48319],[-104.368,25.44056],[-104.35378,25.43899],[-104.34685,25.44929],[-104.33269,25.4458],[-104.32408,25.45157],[-104.3137,25.44941],[-104.30726,25.45239],[-104.30499,25.44837],[-104.29389,25.44757],[-104.28953,25.4407],[-104.27974,25.43256],[-104.27938,25.42238],[-104.22552,25.45911],[-104.22174,25.4611],[-104.2078,25.44145],[-104.18764,25.4591],[-104.19366,25.46808],[-104.17631,25.47738],[-104.17397,25.48975],[-104.16295,25.48272],[-104.1415,25.51116],[-104.12865,25.49043],[-104.13088,25.48481],[-104.12712,25.47122],[-104.13358,25.46781],[-104.13445,25.46064],[-104.14626,25.4699],[-104.1526,25.47097],[-104.16211,25.46739],[-104.16779,25.459],[-104.16765,25.44826],[-104.16356,25.44537],[-104.16395,25.42436],[-104.1518,25.42552],[-104.13793,25.41279],[-104.1283,25.39824],[-104.12776,25.3776],[-104.12433,25.36665],[-104.13239,25.36766],[-104.13802,25.36466],[-104.11992,25.32236],[-104.1669,25.31196],[-104.17174,25.31242],[-104.18587,25.32492],[-104.1994,25.31622],[-104.20081,25.30935],[-104.30949,25.26965],[-104.3128,25.26534],[-104.33411,25.26816],[-104.33243,25.27334],[-104.35132,25.27899],[-104.35928,25.26808],[-104.37399,25.2658]]]}},{"type":"Feature","properties":{"kind":"municipality","cve_mun":"10030","name":"San Pedro del Gallo"},"geometry":{"type":"Polygon","coordinates":[[[-104.28929,25.77395],[-104.28795,25.77374],[-104.28709,25.7736],[-104.29491,25.75615],[-104.26067,25.71814],[-104.22142,25.77092],[-104.20484,25.76652],[-104.20316,25.75361],[-104.18593,25.7559],[-104.1809,25.75828],[-104.15907,25.76235],[-104.15398,25.75569],[-104.15454,25.74655],[-104.14614,25.74965],[-104.13559,25.74149],[-104.1542,25.73236],[-104.16406,25.67935],[-104.16803,25.6456],[-104.18672,25.6426],[-104.18484,25.62189],[-104.15,25.57214],[-104.1511,25.56137],[-104.19239,25.55294],[-104.19091,25.53133],[-104.18384,25.50912],[-104.17397,25.48975],[-104.17631,25.47738],[-104.19366,25.46808],[-104.18764,25.4591],[-104.2078,25.44145],[-104.22174,25.4611],[-104.22552,25.45911],[-104.27938,25.42238],[-104.27974,25.43256],[-104.28953,25.4407],[-104.29389,25.44757],[-104.30499,25.44837],[-104.30726,25.45239],[-104.3137,25.44941],[-104.32408,25.45157],[-104.33269,25.4458],[-104.34685,25.44929],[-104.35378,25.43899],[-104.368,25.44056],[-104.3711,25.48319],[-104.36621,25.47545],[-104.36655,25.48224],[-104.37226,25.48742],[-104.38321,25.4826],[-104.39128,25.48286],[-104.39232,25.47848],[-104.41327,25.48031],[-104.44057,25.46107],[-104.42384,25.44117],[-104.4351,25.42062],[-104.43289,25.41806],[-104.44716,25.39952],[-104.46165,25.39998],[-104.46448,25.41271],[-104.49351,25.41292],[-104.50588,25.40704],[-104.52312,25.40346],[-104.52574,25.40802],[-104.54736,25.39516],[-104.61238,25.42819],[-104.61178,25.44155],[-104.5953,25.44291],[-104.59813,25.45807],[-104.59802,25.47147],[-104.60666,25.47122],[-104.60944,25.47857],[-104.60687,25.51458],[-104.60494,25.51994],[-104.59595,25.52541],[-104.61402,25.53016],[-104.63749,25.55583],[-104.6342,25.56186],[-104.6652,25.6028],[-104.65809,25.61109],[-104.64802,25.61254],[-104.63882,25.62132],[-104.63587,25.63348],[-104.6472,25.65108],[-104.61996,25.6668],[-104.60545,25.67728],[-104.58343,25.66978],[-104.56824,25.67091],[-104.55897,25.67838],[-104.54303,25.68351],[-104.53001,25.69847],[-104.53241,25.70376],[-104.54707,25.7108],[-104.54945,25.70848],[-104.57386,25.73252],[-104.5949,25.76333],[-104.53834,25.78431],[-104.44294,25.81898],[-104.45464,25.82422],[-104.43956,25.82779],[-104.43124,25.82664],[-104.42872,25.83395],[-104.43537,25.85167],[-104.43983,25.87304],[-104.42686,25.88684],[-104.42004,25.88548],[-104.41505,25.87242],[-104.40079,25.87356],[-104.40364,25.88263],[-104.35626,25.87441],[-104.32151,25.86995],[-104.31246,25.83609],[-104.32555,25.83313],[-104.36497,25.82677],[-104.29877,25.83414],[-104.30094,25.82477],[-104.29534,25.82536],[-104.2876,25.80632],[-104.28929,25.77395]]]}},{"type":"Feature","properties":{"kind":"municipality","cve_mun":"10031","name":"Santa Clara"},"geometry":{"type":"Polygon","coordinates":[[[-103.18728,24.42328],[-103.20208,24.42447],[-103.2024,24.42137],[-103.21732,24.42081],[-103.21788,24.41721],[-103.22682,24.42381],[-103.23377,24.4235],[-103.23397,24.43583],[-103.23798,24.43555],[-103.24527,24.44499],[-103.25352,24.44725],[-103.26399,24.43512],[-103.28264,24.42883],[-103.29007,24.43136],[-103.29769,24.43006],[-103.30942,24.43524],[-103.31649,24.42899],[-103.3862,24.42296],[-103.39405,24.4321],[-103.40624,24.42779],[-103.41957,24.43034],[-103.42161,24.41658],[-103.42892,24.41167],[-103.43035,24.40135],[-103.42537,24.37939],[-103.43671,24.34744],[-103.44132,24.34128],[-103.44892,24.33861],[-103.44902,24.33211],[-103.45431,24.33026],[-103.46239,24.32064],[-103.47168,24.32157],[-103.48405,24.31834],[-103.48606,24.30006],[-103.50407,24.29604],[-103.50675,24.28796],[-103.51443,24.28679],[-103.53085,24.29374],[-103.53781,24.29036],[-103.54769,24.29145],[-103.56834,24.28637],[-103.56879,24.27076],[-103.56314,24.25716],[-103.5884,24.2384],[-103.59053,24.23068],[-103.59767,24.23148],[-103.60485,24.23708],[-103.62448,24.23774],[-103.63761,24.23538],[-103.64737,24.24934],[-103.6439,24.26807],[-103.62043,24.28901],[-103.61044,24.28837],[-103.60095,24.30765],[-103.58756,24.31059],[-103.57501,24.31856],[-103.56921,24.3191],[-103.55831,24.32532],[-103.56174,24.33057],[-103.5623,24.34604],[-103.54001,24.35181],[-103.53192,24.36224],[-103.52987,24.41308],[-103.49764,24.42615],[-103.56117,24.43226],[-103.56025,24.44481],[-103.54112,24.45732],[-103.52692,24.46132],[-103.52306,24.48012],[-103.52491,24.51067],[-103.53384,24.51433],[-103.55477,24.50654],[-103.55025,24.55904],[-103.5007,24.59113],[-103.52795,24.64369],[-103.49254,24.66075],[-103.48582,24.65121],[-103.42888,24.62357],[-103.4359,24.6442],[-103.48442,24.66466],[-103.44822,24.71523],[-103.42835,24.74458],[-103.40586,24.72867],[-103.3898,24.69057],[-103.31584,24.68848],[-103.31271,24.68767],[-103.34632,24.6839],[-103.35007,24.67995],[-103.35797,24.68366],[-103.38085,24.68131],[-103.35974,24.64806],[-103.35523,24.64581],[-103.33021,24.61338],[-103.31726,24.57907],[-103.30786,24.58145],[-103.30979,24.59614],[-103.24389,24.56801],[-103.25142,24.54155],[-103.23662,24.5388],[-103.23401,24.54834],[-103.22691,24.55052],[-103.22695,24.54319],[-103.21966,24.55537],[-103.20206,24.54031],[-103.19563,24.52854],[-103.18763,24.52445],[-103.20302,24.50042],[-103.20062,24.48055],[-103.20769,24.47652],[-103.17573,24.45006],[-103.18728,24.42328]]]}},{"type":"Feature","properties":{"kind":"municipality","cve_mun":"10032","name":"Santiago Papasquiaro"},"geometry":{"type":"Polygon","coordinates":[[[-105.43786,25.391],[-105.41782,25.40648],[-105.40509,25.41378],[-105.38348,25.39535],[-105.38894,25.39276],[-105.37643,25.38292],[-105.36642,25.36735],[-105.36971,25.35678],[-105.36406,25.33376],[-105.34835,25.327],[-105.33341,25.32517],[-105.32825,25.3382],[-105.3278,25.34875],[-105.33296,25.35052],[-105.32948,25.36095],[-105.31939,25.3594],[-105.30603,25.36497],[-105.29353,25.37357],[-105.27449,25.37732],[-105.26374,25.3707],[-105.257,25.37472],[-105.25585,25.36777],[-105.24471,25.35964],[-105.22986,25.35877],[-105.21689,25.34852],[-105.20473,25.34731],[-105.19439,25.3491],[-105.18804,25.33001],[-105.15991,25.28979],[-105.1451,25.2806],[-105.13373,25.21317],[-105.12463,25.21036],[-105.13359,25.20916],[-105.13487,25.20132],[-105.14771,25.18236],[-105.13806,25.1775],[-105.13354,25.17146],[-105.13286,25.16114],[-105.12158,25.16469],[-105.10586,25.16358],[-105.09661,25.17255],[-105.07367,25.1402],[-105.02608,25.13405],[-105.03745,25.1119],[-105.0644,25.1112],[-105.07994,25.09024],[-105.11395,25.10259],[-105.11926,25.09732],[-105.11183,25.06865],[-105.11501,25.06319],[-105.11957,25.06617],[-105.1296,25.05118],[-105.13601,25.05479],[-105.1394,25.04957],[-105.14579,25.05312],[-105.14601,25.05324],[-105.15325,25.04644],[-105.15027,25.0398],[-105.15715,25.03744],[-105.14977,25.02975],[-105.15897,25.01569],[-105.15891,25.00717],[-105.1631,24.99593],[-105.16973,24.99942],[-105.17463,24.99195],[-105.16065,24.98446],[-105.16729,24.97373],[-105.17509,24.97449],[-105.18382,24.96351],[-105.18499,24.96596],[-105.1938,24.94527],[-105.20826,24.93746],[-105.20896,24.92699],[-105.21542,24.92028],[-105.21288,24.90686],[-105.16162,24.92887],[-105.14081,24.89923],[-105.2107,24.89092],[-105.24027,24.87591],[-105.24944,24.87363],[-105.2645,24.87342],[-105.24572,24.82751],[-105.23772,24.80001],[-105.29826,24.784],[-105.29482,24.77593],[-105.28135,24.76774],[-105.27914,24.76389],[-105.29506,24.76184],[-105.29986,24.76628],[-105.3198,24.76705],[-105.31476,24.75268],[-105.31371,24.74214],[-105.30295,24.73892],[-105.30215,24.73239],[-105.28875,24.72433],[-105.28511,24.71416],[-105.29151,24.70578],[-105.28944,24.70297],[-105.28075,24.7079],[-105.2805,24.70129],[-105.21995,24.70194],[-105.222,24.68395],[-105.24515,24.67332],[-105.25532,24.6275],[-105.25972,24.62291],[-105.27328,24.62342],[-105.271,24.63309],[-105.27769,24.62688],[-105.28599,24.62506],[-105.29755,24.6134],[-105.29365,24.63523],[-105.3256,24.61452],[-105.33183,24.64852],[-105.33562,24.64975],[-105.35022,24.65451],[-105.35065,24.67743],[-105.35318,24.67499],[-105.41308,24.63475],[-105.42824,24.63744],[-105.41015,24.62015],[-105.45248,24.64154],[-105.46369,24.64353],[-105.4662,24.64846],[-105.47351,24.64822],[-105.49365,24.61942],[-105.52376,24.62425],[-105.52686,24.61894],[-105.54082,24.62801],[-105.55045,24.62007],[-105.56013,24.62315],[-105.56278,24.61674],[-105.5696,24.6191],[-105.57782,24.62839],[-105.59424,24.63293],[-105.60548,24.62902],[-105.60929,24.61868],[-105.63505,24.61609],[-105.64259,24.63543],[-105.67337,24.60525],[-105.68626,24.60006],[-105.70281,24.62277],[-105.7169,24.63903],[-105.70878,24.63777],[-105.69655,24.6398],[-105.70238,24.64973],[-105.68324,24.65081],[-105.67859,24.65629],[-105.67495,24.66871],[-105.66804,24.67157],[-105.66878,24.67946],[-105.6613,24.69728],[-105.6461,24.72709],[-105.63427,24.75302],[-105.6455,24.75338],[-105.64829,24.79459],[-105.6778,24.79295],[-105.70845,24.79304],[-105.70888,24.83639],[-105.72937,24.8448],[-105.72903,24.83019],[-105.8866,24.8822],[-105.90251,24.91847],[-105.91631,24.92264],[-105.92567,24.91927],[-105.92753,24.91364],[-105.93286,24.91701],[-105.94278,24.91116],[-105.94489,24.9113],[-105.94491,24.9113],[-105.94491,24.91131],[-105.94489,24.91137],[-105.94448,24.91294],[-105.94442,24.91316],[-105.9448,24.91429],[-105.94484,24.91442],[-105.94484,24.91442],[-105.94484,24.91442],[-105.94486,24.91447],[-105.95335,24.90687],[-105.9725,24.89966],[-105.97611,24.89301],[-105.98199,24.89272],[-105.98034,24.87907],[-105.97647,24.87392],[-105.98057,24.86871],[-105.98034,24.85895],[-105.98584,24.85243],[-105.98079,24.84237],[-105.98853,24.84318],[-105.98642,24.83639],[-105.98975,24.83218],[-106.00647,24.82618],[-106.0067,24.81552],[-106.01508,24.81826],[-106.01972,24.81262],[-106.02346,24.81515],[-106.03661,24.81543],[-106.0438,24.82279],[-106.05236,24.82377],[-106.05689,24.80449],[-106.09309,24.81253],[-106.13479,24.79261],[-106.20328,24.80387],[-106.21978,24.74753],[-106.22016,24.74621],[-106.2202,24.74608],[-106.2206,24.74472],[-106.22655,24.75199],[-106.25101,24.75215],[-106.25787,24.75366],[-106.26559,24.76093],[-106.27099,24.76188],[-106.28164,24.77147],[-106.2959,24.76794],[-106.29926,24.76027],[-106.29659,24.75028],[-106.30582,24.74407],[-106.32679,24.74871],[-106.34206,24.74676],[-106.34754,24.74949],[-106.35511,24.74724],[-106.3712,24.74934],[-106.37959,24.74488],[-106.38425,24.75312],[-106.39521,24.74927],[-106.41839,24.78289],[-106.43221,24.77042],[-106.48576,24.73856],[-106.49649,24.71515],[-106.52666,24.70737],[-106.51759,24.71525],[-106.51487,24.72833],[-106.50984,24.73703],[-106.51251,24.74116],[-106.50627,24.74452],[-106.50961,24.75316],[-106.50239,24.75363],[-106.50219,24.76714],[-106.49504,24.76711],[-106.49708,24.77641],[-106.49175,24.7806],[-106.48983,24.78967],[-106.48576,24.79308],[-106.49122,24.79645],[-106.49109,24.80342],[-106.49534,24.80638],[-106.49328,24.81248],[-106.50178,24.81666],[-106.50143,24.82084],[-106.51128,24.82597],[-106.52051,24.83676],[-106.52906,24.84129],[-106.52991,24.83551],[-106.53976,24.82721],[-106.54953,24.82629],[-106.54652,24.83397],[-106.53517,24.84177],[-106.54264,24.84669],[-106.55004,24.84707],[-106.55404,24.85652],[-106.56579,24.85694],[-106.57057,24.88019],[-106.5694,24.88709],[-106.58121,24.89553],[-106.58272,24.90227],[-106.58009,24.91044],[-106.58511,24.91422],[-106.58254,24.92049],[-106.5888,24.92978],[-106.61179,24.9503],[-106.60784,24.95104],[-106.6085,24.9587],[-106.61602,24.97489],[-106.61474,24.98017],[-106.60915,24.97937],[-106.59079,24.99241],[-106.58187,24.99364],[-106.55922,24.95776],[-106.50664,24.95041],[-106.49934,24.95377],[-106.49472,24.98505],[-106.50171,25.00221],[-106.4662,24.96837],[-106.4306,25.02286],[-106.42128,25.02394],[-106.41793,25.03595],[-106.39699,25.06935],[-106.39979,25.072],[-106.37491,25.101],[-106.38073,25.05705],[-106.39082,25.0646],[-106.38738,25.04141],[-106.35944,25.04711],[-106.34363,25.064],[-106.34153,25.07134],[-106.32527,25.0809],[-106.31423,25.05431],[-106.32442,25.04638],[-106.33687,25.03222],[-106.27029,24.99144],[-106.25778,24.99674],[-106.23832,24.9917],[-106.21624,24.99003],[-106.19646,24.99231],[-106.17594,24.99291],[-106.19019,25.02369],[-106.16908,25.02475],[-106.16584,25.04965],[-106.17331,25.04913],[-106.17285,25.06986],[-106.15525,25.07086],[-106.15293,25.06784],[-106.12465,25.0679],[-106.12465,25.07876],[-106.1329,25.08961],[-106.1231,25.09177],[-106.12303,25.09865],[-106.03176,25.10004],[-105.98174,25.09886],[-105.89226,25.10593],[-105.8647,25.02559],[-105.77835,25.09475],[-105.78964,25.172],[-105.79858,25.18381],[-105.78271,25.22151],[-105.78338,25.22437],[-105.81076,25.23382],[-105.7526,25.23172],[-105.68263,25.22346],[-105.66716,25.20848],[-105.6296,25.16902],[-105.56033,25.189],[-105.55336,25.1984],[-105.56112,25.20268],[-105.56899,25.21316],[-105.57053,25.22175],[-105.57985,25.23272],[-105.58034,25.24089],[-105.58826,25.24945],[-105.59593,25.25071],[-105.59829,25.25838],[-105.59027,25.26667],[-105.56773,25.27701],[-105.55698,25.2791],[-105.54482,25.27542],[-105.53833,25.29106],[-105.55728,25.33367],[-105.54246,25.44554],[-105.49071,25.38432],[-105.46926,25.37541],[-105.4608,25.37327],[-105.43786,25.391]]]}},{"type":"Feature","properties":{"kind":"municipality","cve_mun":"10036","name":"Tlahualilo"},"geometry":{"type":"Polygon","coordinates":[[[-103.3466,25.87694],[-103.35348,25.87141],[-103.35382,25.87113],[-103.35386,25.8711],[-103.35461,25.87048],[-103.35492,25.87024],[-103.35508,25.8701],[-103.35713,25.86843],[-103.3572,25.86838],[-103.3572,25.86837],[-103.36215,25.86434],[-103.37285,25.86706],[-103.37167,25.85348],[-103.37967,25.85513],[-103.3794,25.86032],[-103.39159,25.85664],[-103.39659,25.87021],[-103.40085,25.87416],[-103.40146,25.87466],[-103.4017,25.87486],[-103.40343,25.87478],[-103.40502,25.87497],[-103.40548,25.87502],[-103.40587,25.87507],[-103.44385,25.86962],[-103.43193,25.85733],[-103.43329,25.84316],[-103.42081,25.84599],[-103.41135,25.8357],[-103.43768,25.82927],[-103.43691,25.83812],[-103.46142,25.84195],[-103.46048,25.85469],[-103.47418,25.85818],[-103.48214,25.85764],[-103.48479,25.83112],[-103.50741,25.83257],[-103.50559,25.86596],[-103.5231,25.86359],[-103.54308,25.86575],[-103.53948,25.87963],[-103.54994,25.87526],[-103.55339,25.8823],[-103.56443,25.87758],[-103.56971,25.88799],[-103.56626,25.89673],[-103.57715,25.89938],[-103.57333,25.9125],[-103.58402,25.91544],[-103.58888,25.91254],[-103.59313,25.92539],[-103.62761,25.90126],[-103.63066,25.90681],[-103.65004,25.9548],[-103.64976,25.95736],[-103.65124,25.96097],[-103.65672,25.97433],[-103.66536,25.99454],[-103.7002,26.08173],[-103.76941,26.14638],[-103.83813,26.21006],[-104.01021,26.39519],[-103.95453,26.44014],[-103.96098,26.44705],[-103.95298,26.4535],[-103.97508,26.47728],[-103.95626,26.49248],[-103.9513,26.50372],[-103.94485,26.54194],[-103.94746,26.55785],[-104.01611,26.56014],[-104.01296,26.56771],[-104.02371,26.56839],[-104.0147,26.59716],[-104.01533,26.62994],[-104.02918,26.63281],[-104.04401,26.64276],[-104.03553,26.65044],[-103.93257,26.75399],[-103.92774,26.75273],[-103.90045,26.7549],[-103.88118,26.75491],[-103.86129,26.75042],[-103.86129,26.75409],[-103.69909,26.72525],[-103.68201,26.72157],[-103.65825,26.71948],[-103.64388,26.69015],[-103.63695,26.69256],[-103.37417,26.60235],[-103.31678,26.36177],[-103.26082,26.28472],[-103.35048,26.14239],[-103.3466,25.87694]]]}},{"type":"Feature","properties":{"kind":"municipality","cve_mun":"10037","name":"Topia"},"geometry":{"type":"Polygon","coordinates":[[[-106.67487,25.39953],[-106.66708,25.40135],[-106.66479,25.39797],[-106.64514,25.39836],[-106.63808,25.39441],[-106.62368,25.40061],[-106.61729,25.398],[-106.59416,25.4018],[-106.58372,25.39794],[-106.57579,25.39889],[-106.57364,25.39122],[-106.56015,25.38373],[-106.5457,25.39685],[-106.53678,25.38819],[-106.52622,25.39043],[-106.51642,25.37981],[-106.50161,25.37296],[-106.49612,25.37446],[-106.48155,25.36756],[-106.47298,25.3672],[-106.45644,25.36145],[-106.45377,25.35755],[-106.44088,25.34999],[-106.43632,25.33239],[-106.42574,25.32804],[-106.39669,25.32243],[-106.38412,25.30669],[-106.36706,25.29851],[-106.35382,25.29737],[-106.35202,25.30295],[-106.3411,25.30306],[-106.33945,25.29883],[-106.33169,25.30078],[-106.32569,25.29576],[-106.31716,25.30339],[-106.31125,25.30002],[-106.30452,25.30349],[-106.29272,25.29982],[-106.28918,25.30854],[-106.28262,25.31364],[-106.26171,25.31648],[-106.22444,25.31418],[-106.21381,25.31574],[-106.21254,25.30144],[-106.20299,25.30005],[-106.20132,25.29032],[-106.19324,25.29007],[-106.1928,25.28369],[-106.18463,25.28513],[-106.18081,25.26693],[-106.17613,25.26423],[-106.18081,25.25614],[-106.17214,25.25048],[-106.1815,25.22627],[-106.19393,25.22624],[-106.19388,25.20762],[-106.20262,25.20239],[-106.21366,25.21922],[-106.25721,25.21908],[-106.25318,25.20542],[-106.22259,25.20698],[-106.22728,25.20252],[-106.21452,25.19157],[-106.21951,25.1909],[-106.27248,25.17029],[-106.25573,25.13378],[-106.25801,25.12965],[-106.27228,25.10796],[-106.30415,25.15517],[-106.33491,25.18283],[-106.2928,25.19575],[-106.373,25.1824],[-106.35265,25.17762],[-106.3531,25.1576],[-106.3498,25.14691],[-106.37496,25.12953],[-106.38218,25.13626],[-106.39017,25.13566],[-106.40031,25.12807],[-106.41315,25.14096],[-106.43216,25.14722],[-106.40509,25.16564],[-106.45125,25.18356],[-106.47667,25.1717],[-106.52799,25.1697],[-106.5709,25.1687],[-106.57858,25.16638],[-106.58747,25.16894],[-106.59534,25.16431],[-106.60405,25.16361],[-106.60648,25.15803],[-106.61534,25.1558],[-106.61594,25.15043],[-106.62358,25.14497],[-106.6381,25.15248],[-106.64921,25.15293],[-106.65568,25.1568],[-106.66114,25.15503],[-106.66793,25.14735],[-106.67532,25.14725],[-106.67519,25.14277],[-106.69044,25.13373],[-106.6947,25.12436],[-106.70001,25.12478],[-106.70853,25.11887],[-106.71078,25.111],[-106.75408,25.13475],[-106.76243,25.13249],[-106.83194,25.10057],[-106.85136,25.09947],[-106.86529,25.09312],[-106.877,25.10908],[-106.88936,25.13374],[-106.87974,25.13727],[-106.874,25.14627],[-106.8652,25.14091],[-106.86218,25.14561],[-106.85314,25.14849],[-106.85754,25.16181],[-106.85175,25.18012],[-106.84269,25.18252],[-106.8563,25.18956],[-106.85744,25.19665],[-106.86856,25.2],[-106.87644,25.20764],[-106.88337,25.21004],[-106.89046,25.22493],[-106.94478,25.25755],[-106.95476,25.28207],[-106.9414,25.28114],[-106.93335,25.28702],[-106.92446,25.28412],[-106.91151,25.28986],[-106.90146,25.2916],[-106.89841,25.29797],[-106.90648,25.30883],[-106.90512,25.31963],[-106.89217,25.32267],[-106.88338,25.32765],[-106.87566,25.32665],[-106.86858,25.32004],[-106.85403,25.31837],[-106.86573,25.32404],[-106.86968,25.33615],[-106.8132,25.3887],[-106.78304,25.40963],[-106.74057,25.38618],[-106.67487,25.39953]]]}},{"type":"Feature","properties":{"kind":"municipality","cve_mun":"10038","name":"Vicente Guerrero"},"geometry":{"type":"Polygon","coordinates":[[[-103.84102,23.70126],[-103.90251,23.6844],[-103.9656,23.66932],[-103.98501,23.65436],[-103.98926,23.65523],[-104.00123,23.6651],[-103.99935,23.61131],[-104.01858,23.59482],[-104.02419,23.59236],[-104.03499,23.59303],[-104.02855,23.60009],[-104.01902,23.61546],[-104.0213,23.62226],[-104.03196,23.62608],[-104.03201,23.63178],[-104.03976,23.64611],[-104.04375,23.64872],[-104.07664,23.62702],[-104.07743,23.60742],[-104.09393,23.60581],[-104.10665,23.60957],[-104.13859,23.60167],[-104.1206,23.62026],[-104.09257,23.64919],[-104.09665,23.65144],[-104.08766,23.65537],[-104.05588,23.67611],[-104.05988,23.68492],[-104.02587,23.70355],[-104.02745,23.71403],[-104.0423,23.7059],[-104.04904,23.71355],[-104.03629,23.71985],[-104.03705,23.72443],[-104.03767,23.72524],[-104.03808,23.72578],[-104.03846,23.73284],[-104.03805,23.73299],[-104.0376,23.73315],[-104.03747,23.73314],[-104.03747,23.73313],[-104.03747,23.73313],[-104.03668,23.73331],[-104.0372,23.73593],[-104.03721,23.73598],[-104.03728,23.73597],[-104.03831,23.73583],[-104.03838,23.73582],[-104.04609,23.73753],[-104.04991,23.74785],[-104.04018,23.74501],[-104.04019,23.74499],[-104.04053,23.74461],[-104.01949,23.74375],[-104.02524,23.7559],[-104.03187,23.74798],[-104.03439,23.7514],[-104.01664,23.76654],[-104.01796,23.77288],[-104.01055,23.77471],[-103.99781,23.7853],[-103.99714,23.78291],[-103.94814,23.82592],[-103.90546,23.81974],[-103.90411,23.83419],[-103.8827,23.84717],[-103.84774,23.86097],[-103.83261,23.84893],[-103.83118,23.82466],[-103.81606,23.80765],[-103.82224,23.80076],[-103.82026,23.79188],[-103.83319,23.78477],[-103.8476,23.77083],[-103.86235,23.75263],[-103.85448,23.72792],[-103.84102,23.70126]]]}},{"type":"Feature","properties":{"kind":"municipality","cve_mun":"10039","name":"Nuevo Ideal"},"geometry":{"type":"Polygon","coordinates":[[[-104.72183,24.84496],[-104.79484,24.83254],[-104.8082,24.83655],[-104.83546,24.82348],[-104.84323,24.8238],[-104.85322,24.81943],[-104.85613,24.81397],[-104.87836,24.79628],[-104.87184,24.80858],[-104.90736,24.79641],[-104.92919,24.79348],[-104.93514,24.78281],[-104.92756,24.77365],[-104.93477,24.768],[-104.93168,24.7607],[-104.95509,24.75485],[-104.94785,24.72059],[-104.95009,24.7041],[-104.94713,24.70024],[-104.93131,24.71033],[-104.92815,24.69866],[-104.93369,24.69723],[-104.92411,24.67587],[-104.90072,24.68418],[-104.91737,24.66677],[-104.97665,24.61361],[-105.00527,24.58514],[-105.01952,24.61893],[-105.0366,24.60843],[-105.01964,24.57129],[-105.03452,24.55746],[-105.10139,24.60658],[-105.11008,24.60323],[-105.11267,24.6142],[-105.15916,24.664],[-105.1648,24.67233],[-105.21195,24.64528],[-105.25972,24.62291],[-105.25532,24.6275],[-105.24515,24.67332],[-105.222,24.68395],[-105.21995,24.70194],[-105.2805,24.70129],[-105.28075,24.7079],[-105.28944,24.70297],[-105.29151,24.70578],[-105.28511,24.71416],[-105.28875,24.72433],[-105.30215,24.73239],[-105.30295,24.73892],[-105.31371,24.74214],[-105.31476,24.75268],[-105.3198,24.76705],[-105.29986,24.76628],[-105.29506,24.76184],[-105.27914,24.76389],[-105.28135,24.76774],[-105.29482,24.77593],[-105.29826,24.784],[-105.23772,24.80001],[-105.24572,24.82751],[-105.2645,24.87342],[-105.24944,24.87363],[-105.24027,24.87591],[-105.2107,24.89092],[-105.14081,24.89923],[-105.16162,24.92887],[-105.21288,24.90686],[-105.21542,24.92028],[-105.20896,24.92699],[-105.20826,24.93746],[-105.1938,24.94527],[-105.18499,24.96596],[-105.18382,24.96351],[-105.17509,24.97449],[-105.16729,24.97373],[-105.16065,24.98446],[-105.17463,24.99195],[-105.16973,24.99942],[-105.1631,24.99593],[-105.15891,25.00717],[-105.15897,25.01569],[-105.14977,25.02975],[-105.15715,25.03744],[-105.15027,25.0398],[-105.15325,25.04644],[-105.14601,25.05324],[-105.14581,25.05313],[-105.14579,25.05312],[-105.1394,25.04957],[-105.13601,25.05479],[-105.1296,25.05118],[-105.11957,25.06617],[-105.11501,25.06319],[-105.11183,25.06865],[-105.11926,25.09732],[-105.11395,25.10259],[-105.07994,25.09024],[-105.0644,25.1112],[-105.03745,25.1119],[-105.02746,25.11589],[-105.03061,25.103],[-105.00651,25.11683],[-105.00047,25.09968],[-104.99047,25.09299],[-104.99132,25.08714],[-104.98201,25.08167],[-104.97082,25.09588],[-104.96299,25.0937],[-104.95896,25.08201],[-104.95223,25.08143],[-104.95962,25.05397],[-104.92873,25.04784],[-104.92813,25.00567],[-104.91439,25.00489],[-104.91045,25.01336],[-104.90171,25.01839],[-104.88129,25.02108],[-104.85643,25.00563],[-104.85063,24.99173],[-104.83754,24.98873],[-104.83776,24.982],[-104.80824,24.95831],[-104.79815,24.94702],[-104.79032,24.92972],[-104.78906,24.93148],[-104.75367,24.93977],[-104.73973,24.94638],[-104.74224,24.94052],[-104.75332,24.88667],[-104.72183,24.84496]]]}}]}